Workbook
Name solver_opt: Dados_Tese_Completo_Reservatori!$A$1

Sheet Planilha1
A1: RESUMO DOS RESULTADOS
A3: Estatística de regressão
A4: R múltiplo | B4: 0.24012744
A5: R-Quadrado | B5: 0.057661188
A6: R-quadrado ajustado | B6: 0.048989359
A7: Erro padrão | B7: 501.26373
A8: Observações | B8: 330
A10: ANOVA
B11: gl | C11: SQ | D11: MQ | E11: F | F11: F de significação
A12: Regressão | B12: 3 | C12: 5012180.1 | D12: 1670726.7 | E12: 6.6492529 | F12: 0.00022696542
A13: Resíduo | B13: 326 | C13: 81912497 | D13: 251265.33
A14: Total | B14: 329 | C14: 86924677
B16: Coeficientes | C16: Erro padrão | D16: Stat t | E16: valor-P | F16: 95% inferiores | G16: 95% superiores | H16: Inferior 95,0% | I16: Superior 95,0%
A17: Interseção | B17: 5274.7361 | C17: 1685.5262 | D17: 3.1294299 | E17: 0.0019097064 | F17: 1958.8551 | G17: 8590.617 | H17: 1958.8551 | I17: 8590.617
A18: Variável X 1 | B18: -2017.1066 | C18: 638.74472 | D18: -3.1579229 | E18: 0.0017375716 | F18: -3273.6883 | G18: -760.52483 | H18: -3273.6883 | I18: -760.52483
A19: Variável X 2 | B19: -4968.6346 | C19: 1114.7586 | D19: -4.4571394 | E19: 1.1437685e-05 | F19: -7161.6631 | G19: -2775.6062 | H19: -7161.6631 | I19: -2775.6062
A20: Variável X 3 | B20: -0.23579347 | C20: 4.1884732 | D20: -0.056295804 | E20: 0.95514065 | F20: -8.4756408 | G20: 8.0040538 | H20: -8.4756408 | I20: 8.0040538

Sheet Planilha3
A1: RESUMO DOS RESULTADOS
A3: Estatística de regressão
A4: R múltiplo | B4: 0.29691461
A5: R-Quadrado | B5: 0.088158285
A6: R-quadrado ajustado | B6: 0.074086654
A7: Erro padrão | B7: 459.70474
A8: Observações | B8: 330
A10: ANOVA
B11: gl | C11: SQ | D11: MQ | E11: F | F11: F de significação
A12: Regressão | B12: 5 | C12: 6619827.1 | D12: 1323965.4 | E12: 6.2649655 | F12: 1.4492061e-05
A13: Resíduo | B13: 324 | C13: 68470416 | D13: 211328.44
A14: Total | B14: 329 | C14: 75090243
B16: Coeficientes | C16: Erro padrão | D16: Stat t | E16: valor-P | F16: 95% inferiores | G16: 95% superiores | H16: Inferior 95,0% | I16: Superior 95,0%
A17: Interseção | B17: -1564.3227 | C17: 2245.5949 | D17: -0.69661838 | E17: 0.48654112 | F17: -5982.1103 | G17: 2853.4649 | H17: -5982.1103 | I17: 2853.4649
A18: Variável X 1 | B18: -17.952875 | C18: 874.61019 | D18: -0.020526716 | E18: 0.98363584 | F18: -1738.5847 | G18: 1702.6789 | H18: -1738.5847 | I18: 1702.6789
A19: Variável X 2 | B19: -1583.4843 | C19: 1198.7469 | D19: -1.3209496 | E19: 0.18745035 | F19: -3941.7945 | G19: 774.82587 | H19: -3941.7945 | I19: 774.82587
A20: Variável X 3 | B20: 5.0151242 | C20: 4.0450077 | D20: 1.2398306 | E20: 0.21593528 | F20: -2.9426711 | G20: 12.97292 | H20: -2.9426711 | I20: 12.97292
A21: Variável X 4 | B21: 0.18814822 | C21: 0.11526454 | D21: 1.6323166 | E21: 0.10358427 | F21: -0.038613177 | G21: 0.41490961 | H21: -0.038613177 | I21: 0.41490961
A22: Variável X 5 | B22: 0.22182941 | C22: 0.056164974 | D22: 3.9496041 | E22: 9.6086774e-05 | F22: 0.11133534 | G22: 0.33232348 | H22: 0.11133534 | I22: 0.33232348

Sheet Planilha4
A1: RESUMO DOS RESULTADOS
A3: Estatística de regressão
A4: R múltiplo | B4: 0.21003778
A5: R-Quadrado | B5: 0.044115869
A6: R-quadrado ajustado | B6: 0.038269483
A7: Erro padrão | B7: 468.51177
A8: Observações | B8: 330
A10: ANOVA
B11: gl | C11: SQ | D11: MQ | E11: F | F11: F de significação
A12: Regressão | B12: 2 | C12: 3312671.3 | D12: 1656335.7 | E12: 7.5458356 | F12: 0.00062554518
A13: Resíduo | B13: 327 | C13: 71777572 | D13: 219503.28
A14: Total | B14: 329 | C14: 75090243
B16: Coeficientes | C16: Erro padrão | D16: Stat t | E16: valor-P | F16: 95% inferiores | G16: 95% superiores | H16: Inferior 95,0% | I16: Superior 95,0%
A17: Interseção | B17: 3848.5413 | C17: 1469.5702 | D17: 2.6188209 | E17: 0.0092342981 | F17: 957.53646 | G17: 6739.5462 | H17: 957.53646 | I17: 6739.5462
A18: Variável X 1 | B18: -1523.4392 | C18: 530.42715 | D18: -2.8720989 | E18: 0.0043437921 | F18: -2566.9195 | G18: -479.95903 | H18: -2566.9195 | I18: -479.95903
A19: Variável X 2 | B19: -4028.3226 | C19: 1040.6375 | D19: -3.8710142 | E19: 0.00013086735 | F19: -6075.5117 | G19: -1981.1336 | H19: -6075.5117 | I19: -1981.1336

Sheet Planilha5
A1: RESUMO DOS RESULTADOS
A3: Estatística de regressão
A4: R múltiplo | B4: 0.97183356
A5: R-Quadrado | B5: 0.94446046
A6: R-quadrado ajustado | B6: 0.9437769
A7: Erro padrão | B7: 121.8796
A8: Observações | B8: 330
A10: ANOVA
B11: gl | C11: SQ | D11: MQ | E11: F | F11: F de significação
A12: Regressão | B12: 4 | C12: 82096920 | D12: 20524230 | E12: 1381.6717 | F12: 1.537196e-202
A13: Resíduo | B13: 325 | C13: 4827756.7 | D13: 14854.636
A14: Total | B14: 329 | C14: 86924677
B16: Coeficientes | C16: Erro padrão | D16: Stat t | E16: valor-P | F16: 95% inferiores | G16: 95% superiores | H16: Inferior 95,0% | I16: Superior 95,0%
A17: Interseção | B17: 1184.4195 | C17: 413.74147 | D17: 2.8627043 | E17: 0.0044730699 | F17: 370.47001 | G17: 1998.369 | H17: 370.47001 | I17: 1998.369
A18: Variável X 1 | B18: -391.10556 | C18: 156.93905 | D18: -2.4920856 | E18: 0.013197396 | F18: -699.8502 | G18: -82.360916 | H18: -699.8502 | I18: -82.360916
A19: Variável X 2 | B19: -789.64008 | C19: 277.18623 | D19: -2.848771 | E19: 0.004668626 | F19: -1334.9458 | G19: -244.33436 | H19: -1334.9458 | I19: -244.33436
A20: Variável X 3 | B20: -0.97923124 | C20: 1.0184572 | D20: -0.96148496 | E20: 0.33702317 | F20: -2.9828319 | G20: 1.0243694 | H20: -2.9828319 | I20: 1.0243694
A21: Variável X 4 | B21: 1.0292005 | C21: 0.014287189 | D21: 72.036599 | E21: 7.046822e-202 | F21: 1.0010934 | G21: 1.0573075 | H21: 1.0010934 | I21: 1.0573075

Sheet Dados_Tese_Completo_Reservatori
A1: %Well | B1: : | C1: 3-BRSA-1132-RJS | D1: : | E1: 43133 | F1: 0.58302083
A2: %DEPTH | B2: AO10 | C2: AO20 | D2: AO30 | E2: AO60 | F2: AO90 | G2: AORT | H2: AORX | K2: n | L2: AT(10/20/30) Paral | M2: AT10 | N2: AT20 | O2: AT30 | P2: AT60 | Q2: AT90 | R2: _DEN | S2: _NEU | T2: _GR | U2: Totuosity | V2: _VP | X2: AT10 | Y2: _VS | Z2: Phi | AA2: k | AB2: previsão | AC2: nmrT2M | AD2: SW | AE2: SWU | AF2: SXO | AG2: SXOU | AH2: Totuosity | AJ2: AORT/AO90 | AL2: AORT/AORX | AM2: Di | AQ2: Phi% | AR2: Phi | AS2: Phi Frac | AT2: Phi Horiz | AU2: Phi Vert | AV2: Fracture Dipping | AW2: Index Resisty | AX2: Angle | BA2: Porosidade total
A3: %M | B3: ohm,m | C3: ohm,m | D3: ohm,m | E3: ohm,m | F3: ohm,m | G3: ohm,m | H3: ohm,m | J3: Index | M3: ohm,m | N3: ohm,m | O3: ohm,m | P3: ohm,m | Q3: ohm,m | R3: G/CC | S3: V/V | T3: API | V3: M/S | X3: ohm,m | Y3: M/S | Z3: V/V | AA3: % | AC3: ms | AD3: Dec | AE3: Dec | AF3: Dec | AG3: Dec | AR3: V/V
W4: coef | AN4: R_ABGH
A5: 5574.9825 | B5: 272.2705 | C5: 302.0356 | D5: 413.7392 | E5: 292.4842 | F5: 271.66 | G5: 291.7903 | H5: 221.9146 | I5: =(1/(1/B5)+(1/M5)+(1/C5)+(1/N5)) -> 272.2811 | J5: =G5/145.9555 -> 1.999173 | K5: =-LOG(AD5)-LOG(J5) -> 0.86791992 | L5: =(M5+N5+O5+B5+C5+D5)/6 -> 314.85273 | M5: 268.7348 | N5: 280.5922 | O5: 351.7441 | P5: 295.2119 | Q5: 236.6486 | R5: 2.4184 | S5: 0.2363 | T5: 19.5545 | U5: 3.7442 | V5: 4142.1187 | W5: 1184.4195 | X5: 268.7348 | Y5: 2234.7693 | Z5: 0.192 | AA5: 135 | AB5: =W5+$W$6*R5+$W$7*S5+$W$8*T5+$W$9*U5 -> 36.683017 | AC5: 476.3855 | AD5: 0.0678 | AE5: 0.0678 | AF5: 0.0676 | AG5: 0.0653 | AH5: 3.7442 | AI5: =Z5^(1-1.89) -> 4.3437208 | AJ5: =G5/H5 -> 1.3148765 | AK5: =ABS(AJ5-1) -> 0.31487653 | AL5: =F5/B5 -> 0.99775774 | AM5: =ABS(AL5-1) -> 0.0022422554 | AO5: =((B5+Q5)/2)*(Z5^3)/((1-Z5)^2) -> 2.7586698 | AP5: =Z5*AD5 -> 0.0130176 | AQ5: =AR5/100 -> 0.00192 | AR5: 0.192 | AS5: 0.229 | AT5: =(H5*Q5)*((1/Q5^2)-(1/I5^2)) -> 0.22937759 | AU5: =(2*H5*Q5)*((1/I5^2)-(1/Q5^2)) -> -0.45875519 | AV5: =(F5-H5)/((F5*H5)^0.5) -> 0.20260359 | AW5: =Q5/H5 -> 1.0663949 | AX5: =((TAN(DEGREES(AV5)))) -> -1.4224149 | AY5: =IF(AV5>0.1,"SUB-VERTICAL",IF(AV5<0,"SUB-HORIZONTAL","MERGULHO")) -> SUB-VERTICAL | AZ5: =IF(AV5>0.1,"1",IF(AV5<0,"2","3")) -> 1 | BA5: =(R5+S5)/2 -> 1.32735 | BB5: =ATAN(0.2) -> 0.19739556
A6: 5575.0587 | B6: 244.2342 | C6: 258.602 | D6: 337.6454 | E6: 267.3022 | F6: 249.0079 | G6: 263.5609 | H6: 200.8569 | I6: =(1/(1/B6)+(1/M6)+(1/C6)+(1/N6)) -> 244.24642 | J6: =G6/145.9555 -> 1.805762 | K6: =-LOG(AD6)-LOG(J6) -> 0.91210979 | L6: =(M6+N6+O6+B6+C6+D6)/6 -> 270.76007 | M6: 231.4431 | N6: 247.774 | O6: 304.8617 | P6: 260.045 | Q6: 219.3672 | R6: 2.4184 | S6: 0.2363 | T6: 19.5545 | U6: 3.7442 | V6: 4142.1187 | W6: -391.10556 | X6: 231.4431 | Y6: 2234.7693 | Z6: 0.192 | AA6: 135 | AB6: =W6+$W$6*R6+$W$7*S6+$W$8*T6+$W$9*U6 -> -1538.842 | AC6: 476.3855 | AD6: 0.0678 | AE6: 0.0678 | AF6: 0.0676 | AG6: 0.0653 | AH6: 3.7442 | AI6: =Z6^(1-1.89) -> 4.3437208 | AJ6: =G6/H6 -> 1.3121825 | AK6: =ABS(AJ6-1) -> 0.31218245 | AL6: =F6/B6 -> 1.0195456 | AM6: =ABS(AL6-1) -> 0.019545584 | AO6: =((B6+Q6)/2)*(Z6^3)/((1-Z6)^2) -> 2.5130186 | AP6: =Z6*AD6 -> 0.0130176 | AQ6: =AR6/100 -> 0.00192 | AR6: 0.192 | AS6: 0.177 | AT6: =(H6*Q6)*((1/Q6^2)-(1/I6^2)) -> 0.17703195 | AU6: =(2*H6*Q6)*((1/I6^2)-(1/Q6^2)) -> -0.3540639 | AV6: =(F6-H6)/((F6*H6)^0.5) -> 0.21530562 | AW6: =Q6/H6 -> 1.0921567 | AX6: =((ATAN(AV6)))*3.14 -> 0.66589434 | AY6: =IF(AV6>0.1,"SUB-VERTICAL",IF(AV6<0,"SUB-HORIZONTAL","MERGULHO")) -> SUB-VERTICAL | AZ6: =IF(AV6>0.1,"1",IF(AV6<0,"2","3")) -> 1 | BA6: =(R6+S6)/2 -> 1.32735
A7: 5575.1349 | B7: 198.2799 | C7: 216.3792 | D7: 269.1673 | E7: 231.3244 | F7: 216.5693 | G7: 230.409 | H7: 181.7894 | I7: =(1/(1/B7)+(1/M7)+(1/C7)+(1/N7)) -> 198.29394 | J7: =G7/145.9555 -> 1.578625 | K7: =-LOG(AD7)-LOG(J7) -> 0.93543369 | L7: =(M7+N7+O7+B7+C7+D7)/6 -> 229.27115 | M7: 207.2651 | N7: 217.7824 | O7: 266.753 | P7: 233.8474 | Q7: 208.9197 | R7: 2.4231 | S7: 0.2303 | T7: 21.2915 | U7: -999 | V7: 4213.8423 | W7: -789.64008 | X7: 207.2651 | Y7: 2273.2729 | Z7: -999 | AA7: -999 | AB7: =W7+$W$6*R7+$W$7*S7+$W$8*T7+$W$9*U7 -> -2968.2027 | AC7: 460.9184 | AD7: 0.0735 | AE7: 0.0735 | AF7: 0.0749 | AG7: 0.0747 | AH7: -999 | AI7: =Z7^(1-1.89) -> #NUM! | AJ7: =G7/H7 -> 1.2674501 | AK7: =ABS(AJ7-1) -> 0.26745014 | AL7: =F7/B7 -> 1.0922403 | AM7: =ABS(AL7-1) -> 0.092240313 | AO7: =((B7+Q7)/2)*(Z7^3)/((1-Z7)^2) -> -202989.61 | AP7: =Z7*AD7 -> -73.4265 | AQ7: =AR7/100 -> -9.99 | AR7: -999 | AT7: =(H7*Q7)*((1/Q7^2)-(1/I7^2)) -> -0.095753065 | AU7: =(2*H7*Q7)*((1/I7^2)-(1/Q7^2)) -> 0.19150613 | AV7: =(F7-H7)/((F7*H7)^0.5) -> 0.17528534 | AW7: =Q7/H7 -> 1.1492403 | AX7: =((ATAN(AV7))^(-1))*3.14 -> 18.095634 | AY7: =IF(AV7>0.1,"SUB-VERTICAL",IF(AV7<0,"SUB-HORIZONTAL","MERGULHO")) -> SUB-VERTICAL | AZ7: =IF(AV7>0.1,"1",IF(AV7<0,"2","3")) -> 1 | BA7: =(R7+S7)/2 -> 1.3267
A8: 5575.2111 | B8: 161.8855 | C8: 185.2102 | D8: 230.8411 | E8: 214.3378 | F8: 201.1833 | G8: 214.9433 | H8: 169.652 | I8: =(1/(1/B8)+(1/M8)+(1/C8)+(1/N8)) -> 161.90127 | J8: =G8/145.9555 -> 1.4726632 | K8: =-LOG(AD8)-LOG(J8) -> 0.96560921 | L8: =(M8+N8+O8+B8+C8+D8)/6 -> 200.07913 | M8: 190.3048 | N8: 195.2725 | O8: 236.9607 | P8: 215.2252 | Q8: 199.0216 | R8: 2.4231 | S8: 0.2303 | T8: 21.2915 | U8: -999 | V8: 4213.8423 | W8: -0.97923124 | X8: 190.3048 | Y8: 2273.2729 | Z8: -999 | AA8: -999 | AB8: =W8+$W$6*R8+$W$7*S8+$W$8*T8+$W$9*U8 -> -2179.5418 | AC8: 460.9184 | AD8: 0.0735 | AE8: 0.0735 | AF8: 0.0749 | AG8: 0.0747 | AH8: -999 | AI8: =Z8^(1-1.89) -> #NUM! | AJ8: =G8/H8 -> 1.2669659 | AK8: =ABS(AJ8-1) -> 0.26696591 | AL8: =F8/B8 -> 1.2427506 | AM8: =ABS(AL8-1) -> 0.24275059 | AO8: =((B8+Q8)/2)*(Z8^3)/((1-Z8)^2) -> -179912.73 | AP8: =Z8*AD8 -> -73.4265 | AQ8: =AR8/100 -> -9.99 | AR8: -999 | AT8: =(H8*Q8)*((1/Q8^2)-(1/I8^2)) -> -0.43569684 | AU8: =(2*H8*Q8)*((1/I8^2)-(1/Q8^2)) -> 0.87139368 | AV8: =(F8-H8)/((F8*H8)^0.5) -> 0.17067363 | AW8: =Q8/H8 -> 1.1731167 | AX8: =((ATAN(AV8))^(-1))*3.14 -> 18.574959 | AY8: =IF(AV8>0.1,"SUB-VERTICAL",IF(AV8<0,"SUB-HORIZONTAL","MERGULHO")) -> SUB-VERTICAL | AZ8: =IF(AV8>0.1,"1",IF(AV8<0,"2","3")) -> 1 | BA8: =(R8+S8)/2 -> 1.3267
A9: 5575.2873 | B9: 154.5627 | C9: 175.0008 | D9: 217.0409 | E9: 205.246 | F9: 192.7874 | G9: 204.9922 | H9: 158.5866 | I9: =(1/(1/B9)+(1/M9)+(1/C9)+(1/N9)) -> 154.57971 | J9: =G9/145.9555 -> 1.4044842 | K9: =-LOG(AD9)-LOG(J9) -> 0.93708329 | L9: =(M9+N9+O9+B9+C9+D9)/6 -> 185.9222 | M9: 174.3644 | N9: 179.9694 | O9: 214.595 | P9: 199.6656 | Q9: 189.3034 | R9: 2.4354 | S9: 0.2182 | T9: 22.1467 | U9: -999 | V9: 4238.5474 | W9: 1.0292005 | X9: 174.3644 | Y9: 2330.9636 | Z9: -999 | AA9: -999 | AB9: =W9+$W$6*R9+$W$7*S9+$W$8*T9+$W$9*U9 -> -2173.6268 | AC9: -999 | AD9: 0.0823 | AE9: 0.0823 | AF9: 0.0866 | AG9: 0.0866 | AH9: -999 | AI9: =Z9^(1-1.89) -> #NUM! | AJ9: =G9/H9 -> 1.2926199 | AK9: =ABS(AJ9-1) -> 0.29261993 | AL9: =F9/B9 -> 1.2473087 | AM9: =ABS(AL9-1) -> 0.2473087 | AO9: =((B9+Q9)/2)*(Z9^3)/((1-Z9)^2) -> -171417.77 | AP9: =Z9*AD9 -> -82.2177 | AQ9: =AR9/100 -> -9.99 | AR9: -999 | AT9: =(H9*Q9)*((1/Q9^2)-(1/I9^2)) -> -0.41863919 | AU9: =(2*H9*Q9)*((1/I9^2)-(1/Q9^2)) -> 0.83727838 | AV9: =(F9-H9)/((F9*H9)^0.5) -> 0.19559768 | AW9: =Q9/H9 -> 1.193691 | AX9: =((ATAN(AV9))^(-1))*3.14 -> 16.256038 | AY9: =IF(AV9>0.1,"SUB-VERTICAL",IF(AV9<0,"SUB-HORIZONTAL","MERGULHO")) -> SUB-VERTICAL | AZ9: =IF(AV9>0.1,"1",IF(AV9<0,"2","3")) -> 1 | BA9: =(R9+S9)/2 -> 1.3268
A10: 5575.3635 | B10: 147.7557 | C10: 179.7718 | D10: 213.0172 | E10: 199.9811 | F10: 188.4116 | G10: 199.6382 | H10: 143.0686 | I10: =(1/(1/B10)+(1/M10)+(1/C10)+(1/N10)) -> 147.77346 | J10: =G10/145.9555 -> 1.3678018 | K10: =-LOG(AD10)-LOG(J10) -> 0.94857698 | L10: =(M10+N10+O10+B10+C10+D10)/6 -> 177.53567 | M10: 160.7515 | N10: 167.3019 | O10: 196.6159 | P10: 187.4789 | Q10: 180.4017 | R10: 2.4354 | S10: 0.2182 | T10: 22.1467 | U10: -999 | V10: 4238.5474 | X10: 160.7515 | Y10: 2330.9636 | Z10: -999 | AA10: -999 | AB10: =W10+$W$6*R10+$W$7*S10+$W$8*T10+$W$9*U10 -> -2174.656 | AC10: -999 | AD10: 0.0823 | AE10: 0.0823 | AF10: 0.0866 | AG10: 0.0866 | AH10: -999 | AI10: =Z10^(1-1.89) -> #NUM! | AJ10: =G10/H10 -> 1.3954019 | AK10: =ABS(AJ10-1) -> 0.39540193 | AL10: =F10/B10 -> 1.2751562 | AM10: =ABS(AL10-1) -> 0.27515622 | AO10: =((B10+Q10)/2)*(Z10^3)/((1-Z10)^2) -> -163586.96 | AP10: =Z10*AD10 -> -82.2177 | AQ10: =AR10/100 -> -9.99 | AR10: -999 | AT10: =(H10*Q10)*((1/Q10^2)-(1/I10^2)) -> -0.38887512 | AU10: =(2*H10*Q10)*((1/I10^2)-(1/Q10^2)) -> 0.77775024 | AV10: =(F10-H10)/((F10*H10)^0.5) -> 0.27617494 | AW10: =Q10/H10 -> 1.2609454 | AX10: =((ATAN(AV10))^(-1))*3.14 -> 11.653013 | AY10: =IF(AV10>0.1,"SUB-VERTICAL",IF(AV10<0,"SUB-HORIZONTAL","MERGULHO")) -> SUB-VERTICAL | AZ10: =IF(AV10>0.1,"1",IF(AV10<0,"2","3")) -> 1 | BA10: =(R10+S10)/2 -> 1.3268
A11: 5575.4397 | B11: 148.0392 | C11: 169.9331 | D11: 198.7945 | E11: 189.3501 | F11: 178.8564 | G11: 188.6397 | H11: 134.8949 | I11: =(1/(1/B11)+(1/M11)+(1/C11)+(1/N11)) -> 148.05822 | J11: =G11/145.9555 -> 1.2924467 | K11: =-LOG(AD11)-LOG(J11) -> 0.93050152 | L11: =(M11+N11+O11+B11+C11+D11)/6 -> 166.8078 | M11: 149.7859 | N11: 154.8459 | O11: 179.4482 | P11: 177.8641 | Q11: 173.0512 | R11: 2.4499 | S11: 0.2087 | T11: 22.8113 | U11: -999 | V11: 4211.5977 | X11: 149.7859 | Y11: 2357.5288 | Z11: -999 | AA11: -999 | AB11: =W11+$W$6*R11+$W$7*S11+$W$8*T11+$W$9*U11 -> -2173.4762 | AC11: 457.4338 | AD11: 0.0908 | AE11: 0.0908 | AF11: 0.0972 | AG11: 0.0972 | AH11: -999 | AI11: =Z11^(1-1.89) -> #NUM! | AJ11: =G11/H11 -> 1.3984198 | AK11: =ABS(AJ11-1) -> 0.39841981 | AL11: =F11/B11 -> 1.2081692 | AM11: =ABS(AL11-1) -> 0.20816919 | AO11: =((B11+Q11)/2)*(Z11^3)/((1-Z11)^2) -> -160064.05 | AP11: =Z11*AD11 -> -90.7092 | AQ11: =AR11/100 -> -9.99 | AR11: -999 | AT11: =(H11*Q11)*((1/Q11^2)-(1/I11^2)) -> -0.28538226 | AU11: =(2*H11*Q11)*((1/I11^2)-(1/Q11^2)) -> 0.57076453 | AV11: =(F11-H11)/((F11*H11)^0.5) -> 0.2830235 | AW11: =Q11/H11 -> 1.2828595 | AX11: =((ATAN(AV11))^(-1))*3.14 -> 11.384641 | AY11: =IF(AV11>0.1,"SUB-VERTICAL",IF(AV11<0,"SUB-HORIZONTAL","MERGULHO")) -> SUB-VERTICAL | AZ11: =IF(AV11>0.1,"1",IF(AV11<0,"2","3")) -> 1 | BA11: =(R11+S11)/2 -> 1.3293
A12: 5575.5159 | B12: 149.4117 | C12: 145.5879 | D12: 171.2837 | E12: 171.9228 | F12: 162.9519 | G12: 170.4498 | H12: 125.2556 | I12: =(1/(1/B12)+(1/M12)+(1/C12)+(1/N12)) -> 149.4322 | J12: =G12/145.9555 -> 1.1678203 | K12: =-LOG(AD12)-LOG(J12) -> 0.97453812 | L12: =(M12+N12+O12+B12+C12+D12)/6 -> 154.52585 | M12: 146.2072 | N12: 147.2162 | O12: 167.4484 | P12: 169.7591 | Q12: 169.1587 | R12: 2.4499 | S12: 0.2087 | T12: 22.8113 | U12: -999 | V12: 4211.5977 | X12: 146.2072 | Y12: 2357.5288 | Z12: -999 | AA12: -999 | AB12: =W12+$W$6*R12+$W$7*S12+$W$8*T12+$W$9*U12 -> -2173.4762 | AC12: 457.4338 | AD12: 0.0908 | AE12: 0.0908 | AF12: 0.0972 | AG12: 0.0972 | AH12: -999 | AI12: =Z12^(1-1.89) -> #NUM! | AJ12: =G12/H12 -> 1.3608158 | AK12: =ABS(AJ12-1) -> 0.3608158 | AL12: =F12/B12 -> 1.0906234 | AM12: =ABS(AL12-1) -> 0.090623425 | AO12: =((B12+Q12)/2)*(Z12^3)/((1-Z12)^2) -> -158807.82 | AP12: =Z12*AD12 -> -90.7092 | AQ12: =AR12/100 -> -9.99 | AR12: -999 | AT12: =(H12*Q12)*((1/Q12^2)-(1/I12^2)) -> -0.20840004 | AU12: =(2*H12*Q12)*((1/I12^2)-(1/Q12^2)) -> 0.41680009 | AV12: =(F12-H12)/((F12*H12)^0.5) -> 0.2638581 | AW12: =Q12/H12 -> 1.3505081 | AX12: =((ATAN(AV12))^(-1))*3.14 -> 12.171559 | AY12: =IF(AV12>0.1,"SUB-VERTICAL",IF(AV12<0,"SUB-HORIZONTAL","MERGULHO")) -> SUB-VERTICAL | AZ12: =IF(AV12>0.1,"1",IF(AV12<0,"2","3")) -> 1 | BA12: =(R12+S12)/2 -> 1.3293
A13: 5575.5921 | B13: 144.7914 | C13: 130.0799 | D13: 149.3136 | E13: 147.3416 | F13: 140.3855 | G13: 146.8832 | H13: 121.2716 | I13: =(1/(1/B13)+(1/M13)+(1/C13)+(1/N13)) -> 144.81326 | J13: =G13/145.9555 -> 1.006356 | K13: =-LOG(AD13)-LOG(J13) -> 0.99206783 | L13: =(M13+N13+O13+B13+C13+D13)/6 -> 144.36688 | M13: 140.3365 | N13: 141.9851 | O13: 159.6948 | P13: 161.3797 | Q13: 163.9201 | R13: 2.4596 | S13: 0.2081 | T13: 23.6319 | U13: -999 | V13: 4254.793 | X13: 140.3365 | Y13: 2361.2354 | Z13: -999 | AA13: -999 | AB13: =W13+$W$6*R13+$W$7*S13+$W$8*T13+$W$9*U13 -> -2177.5997 | AC13: 422.6129 | AD13: 0.1012 | AE13: 0.1012 | AF13: 0.1034 | AG13: 0.1034 | AH13: -999 | AI13: =Z13^(1-1.89) -> #NUM! | AJ13: =G13/H13 -> 1.2111921 | AK13: =ABS(AJ13-1) -> 0.21119207 | AL13: =F13/B13 -> 0.96957071 | AM13: =ABS(AL13-1) -> 0.030429293 | AO13: =((B13+Q13)/2)*(Z13^3)/((1-Z13)^2) -> -153893.15 | AP13: =Z13*AD13 -> -101.0988 | AQ13: =AR13/100 -> -9.99 | AR13: -999 | AT13: =(H13*Q13)*((1/Q13^2)-(1/I13^2)) -> -0.20810512 | AU13: =(2*H13*Q13)*((1/I13^2)-(1/Q13^2)) -> 0.41621024 | AV13: =(F13-H13)/((F13*H13)^0.5) -> 0.14649022 | AW13: =Q13/H13 -> 1.3516776 | AX13: =((ATAN(AV13))^(-1))*3.14 -> 21.587337 | AY13: =IF(AV13>0.1,"SUB-VERTICAL",IF(AV13<0,"SUB-HORIZONTAL","MERGULHO")) -> SUB-VERTICAL | AZ13: =IF(AV13>0.1,"1",IF(AV13<0,"2","3")) -> 1 | BA13: =(R13+S13)/2 -> 1.33385
A14: 5575.6683 | B14: 141.9917 | C14: 126.1878 | D14: 141.1382 | E14: 133.764 | F14: 127.9555 | G14: 134.0241 | H14: 113.7666 | I14: =(1/(1/B14)+(1/M14)+(1/C14)+(1/N14)) -> 142.01441 | J14: =G14/145.9555 -> 0.91825317 | K14: =-LOG(AD14)-LOG(J14) -> 1.0318571 | L14: =(M14+N14+O14+B14+C14+D14)/6 -> 138.8692 | M14: 133.6108 | N14: 136.9606 | O14: 153.3261 | P14: 152.7753 | Q14: 156.2171 | R14: 2.4596 | S14: 0.2081 | T14: 23.6319 | U14: -999 | V14: 4254.793 | X14: 133.6108 | Y14: 2361.2354 | Z14: -999 | AA14: -999 | AB14: =W14+$W$6*R14+$W$7*S14+$W$8*T14+$W$9*U14 -> -2177.5997 | AC14: 422.6129 | AD14: 0.1012 | AE14: 0.1012 | AF14: 0.1034 | AG14: 0.1034 | AH14: -999 | AI14: =Z14^(1-1.89) -> #NUM! | AJ14: =G14/H14 -> 1.1780619 | AK14: =ABS(AJ14-1) -> 0.17806193 | AL14: =F14/B14 -> 0.90114774 | AM14: =ABS(AL14-1) -> 0.098852257 | AO14: =((B14+Q14)/2)*(Z14^3)/((1-Z14)^2) -> -148657.53 | AP14: =Z14*AD14 -> -101.0988 | AQ14: =AR14/100 -> -9.99 | AR14: -999 | AT14: =(H14*Q14)*((1/Q14^2)-(1/I14^2)) -> -0.1529486 | AU14: =(2*H14*Q14)*((1/I14^2)-(1/Q14^2)) -> 0.30589719 | AV14: =(F14-H14)/((F14*H14)^0.5) -> 0.11760123 | AW14: =Q14/H14 -> 1.3731368 | AX14: =((ATAN(AV14))^(-1))*3.14 -> 26.82304 | AY14: =IF(AV14>0.1,"SUB-VERTICAL",IF(AV14<0,"SUB-HORIZONTAL","MERGULHO")) -> SUB-VERTICAL | AZ14: =IF(AV14>0.1,"1",IF(AV14<0,"2","3")) -> 1 | BA14: =(R14+S14)/2 -> 1.33385
A15: 5575.7445 | B15: 135.0677 | C15: 130.6984 | D15: 145.8697 | E15: 142.1967 | F15: 136.1207 | G15: 142.3432 | H15: 103.9366 | I15: =(1/(1/B15)+(1/M15)+(1/C15)+(1/N15)) -> 135.0907 | J15: =G15/145.9555 -> 0.97525068 | K15: =-LOG(AD15)-LOG(J15) -> 0.98969444 | L15: =(M15+N15+O15+B15+C15+D15)/6 -> 136.80843 | M15: 128.2201 | N15: 132.4579 | O15: 148.5368 | P15: 144.2426 | Q15: 149.3035 | R15: 2.464 | S15: 0.2121 | T15: 25.5975 | U15: -999 | V15: 4351.2993 | X15: 128.2201 | Y15: 2367.2405 | Z15: -999 | AA15: -999 | AB15: =W15+$W$6*R15+$W$7*S15+$W$8*T15+$W$9*U15 -> -2184.4039 | AC15: 443.7227 | AD15: 0.105 | AE15: 0.105 | AF15: 0.1069 | AG15: 0.1069 | AH15: -999 | AI15: =Z15^(1-1.89) -> #NUM! | AJ15: =G15/H15 -> 1.3695195 | AK15: =ABS(AJ15-1) -> 0.3695195 | AL15: =F15/B15 -> 1.0077961 | AM15: =ABS(AL15-1) -> 0.0077960904 | AO15: =((B15+Q15)/2)*(Z15^3)/((1-Z15)^2) -> -141759.47 | AP15: =Z15*AD15 -> -104.895 | AQ15: =AR15/100 -> -9.99 | AR15: -999 | AT15: =(H15*Q15)*((1/Q15^2)-(1/I15^2)) -> -0.15418709 | AU15: =(2*H15*Q15)*((1/I15^2)-(1/Q15^2)) -> 0.30837417 | AV15: =(F15-H15)/((F15*H15)^0.5) -> 0.27057959 | AW15: =Q15/H15 -> 1.4364863 | AX15: =((ATAN(AV15))^(-1))*3.14 -> 11.882599 | AY15: =IF(AV15>0.1,"SUB-VERTICAL",IF(AV15<0,"SUB-HORIZONTAL","MERGULHO")) -> SUB-VERTICAL | AZ15: =IF(AV15>0.1,"1",IF(AV15<0,"2","3")) -> 1 | BA15: =(R15+S15)/2 -> 1.33805
A16: 5575.8207 | B16: 130.266 | C16: 134.4763 | D16: 154.4576 | E16: 151.4387 | F16: 144.6739 | G16: 148.7505 | H16: 98.3472 | I16: =(1/(1/B16)+(1/M16)+(1/C16)+(1/N16)) -> 130.28939 | J16: =G16/145.9555 -> 1.0191497 | K16: =-LOG(AD16)-LOG(J16) -> 0.97057273 | L16: =(M16+N16+O16+B16+C16+D16)/6 -> 135.65277 | M16: 123.2936 | N16: 127.4831 | O16: 143.94 | P16: 135.4897 | Q16: 140.7151 | R16: 2.464 | S16: 0.2121 | T16: 25.5975 | U16: -999 | V16: 4351.2993 | X16: 123.2936 | Y16: 2367.2405 | Z16: -999 | AA16: -999 | AB16: =W16+$W$6*R16+$W$7*S16+$W$8*T16+$W$9*U16 -> -2184.4039 | AC16: 443.7227 | AD16: 0.105 | AE16: 0.105 | AF16: 0.1069 | AG16: 0.1069 | AH16: -999 | AI16: =Z16^(1-1.89) -> #NUM! | AJ16: =G16/H16 -> 1.5125037 | AK16: =ABS(AJ16-1) -> 0.51250366 | AL16: =F16/B16 -> 1.1106037 | AM16: =ABS(AL16-1) -> 0.11060369 | AO16: =((B16+Q16)/2)*(Z16^3)/((1-Z16)^2) -> -135084.48 | AP16: =Z16*AD16 -> -104.895 | AQ16: =AR16/100 -> -9.99 | AR16: -999 | AT16: =(H16*Q16)*((1/Q16^2)-(1/I16^2)) -> -0.11632827 | AU16: =(2*H16*Q16)*((1/I16^2)-(1/Q16^2)) -> 0.23265654 | AV16: =(F16-H16)/((F16*H16)^0.5) -> 0.38837858 | AW16: =Q16/H16 -> 1.4307992 | AX16: =((ATAN(AV16))^(-1))*3.14 -> 8.4762247 | AY16: =IF(AV16>0.1,"SUB-VERTICAL",IF(AV16<0,"SUB-HORIZONTAL","MERGULHO")) -> SUB-VERTICAL | AZ16: =IF(AV16>0.1,"1",IF(AV16<0,"2","3")) -> 1 | BA16: =(R16+S16)/2 -> 1.33805
A17: 5575.8969 | B17: 122.2248 | C17: 135.6659 | D17: 156.9107 | E17: 142.3192 | F17: 136.368 | G17: 141.0962 | H17: 93.9267 | I17: =(1/(1/B17)+(1/M17)+(1/C17)+(1/N17)) -> 122.2487 | J17: =G17/145.9555 -> 0.96670698 | K17: =-LOG(AD17)-LOG(J17) -> 0.99725442 | L17: =(M17+N17+O17+B17+C17+D17)/6 -> 132.62532 | M17: 119.3947 | N17: 122.6002 | O17: 138.9556 | P17: 129.0573 | Q17: 134.7763 | R17: 2.4696 | S17: 0.2124 | T17: 27.8408 | U17: -999 | V17: 4451.2808 | X17: 119.3947 | Y17: 2408.386 | Z17: -999 | AA17: -999 | AB17: =W17+$W$6*R17+$W$7*S17+$W$8*T17+$W$9*U17 -> -2189.0277 | AC17: 461.0509 | AD17: 0.1041 | AE17: 0.1041 | AF17: 0.1122 | AG17: 0.1122 | AH17: -999 | AI17: =Z17^(1-1.89) -> #NUM! | AJ17: =G17/H17 -> 1.5021948 | AK17: =ABS(AJ17-1) -> 0.5021948 | AL17: =F17/B17 -> 1.1157146 | AM17: =ABS(AL17-1) -> 0.11571465 | AO17: =((B17+Q17)/2)*(Z17^3)/((1-Z17)^2) -> -128115.43 | AP17: =Z17*AD17 -> -103.9959 | AQ17: =AR17/100 -> -9.99 | AR17: -999 | AT17: =(H17*Q17)*((1/Q17^2)-(1/I17^2)) -> -0.15015166 | AU17: =(2*H17*Q17)*((1/I17^2)-(1/Q17^2)) -> 0.30030333 | AV17: =(F17-H17)/((F17*H17)^0.5) -> 0.37500574 | AW17: =Q17/H17 -> 1.4349094 | AX17: =((ATAN(AV17))^(-1))*3.14 -> 8.7519863 | AY17: =IF(AV17>0.1,"SUB-VERTICAL",IF(AV17<0,"SUB-HORIZONTAL","MERGULHO")) -> SUB-VERTICAL | AZ17: =IF(AV17>0.1,"1",IF(AV17<0,"2","3")) -> 1 | BA17: =(R17+S17)/2 -> 1.341
A18: 5575.9731 | B18: 115.9625 | C18: 134.9199 | D18: 153.1231 | E18: 131.8428 | F18: 126.833 | G18: 132.1896 | H18: 90.3795 | I18: =(1/(1/B18)+(1/M18)+(1/C18)+(1/N18)) -> 115.9871 | J18: =G18/145.9555 -> 0.90568427 | K18: =-LOG(AD18)-LOG(J18) -> 1.0255724 | L18: =(M18+N18+O18+B18+C18+D18)/6 -> 128.56905 | M18: 114.6388 | N18: 118.0813 | O18: 134.6887 | P18: 125.0743 | Q18: 133.6515 | R18: 2.4696 | S18: 0.2124 | T18: 27.8408 | U18: -999 | V18: 4451.2808 | X18: 114.6388 | Y18: 2408.386 | Z18: -999 | AA18: -999 | AB18: =W18+$W$6*R18+$W$7*S18+$W$8*T18+$W$9*U18 -> -2189.0277 | AC18: 461.0509 | AD18: 0.1041 | AE18: 0.1041 | AF18: 0.1122 | AG18: 0.1122 | AH18: -999 | AI18: =Z18^(1-1.89) -> #NUM! | AJ18: =G18/H18 -> 1.462606 | AK18: =ABS(AJ18-1) -> 0.46260601 | AL18: =F18/B18 -> 1.0937415 | AM18: =ABS(AL18-1) -> 0.093741511 | AO18: =((B18+Q18)/2)*(Z18^3)/((1-Z18)^2) -> -124432.95 | AP18: =Z18*AD18 -> -103.9959 | AQ18: =AR18/100 -> -9.99 | AR18: -999 | AT18: =(H18*Q18)*((1/Q18^2)-(1/I18^2)) -> -0.22165995 | AU18: =(2*H18*Q18)*((1/I18^2)-(1/Q18^2)) -> 0.44331991 | AV18: =(F18-H18)/((F18*H18)^0.5) -> 0.34047728 | AW18: =Q18/H18 -> 1.4787811 | AX18: =((ATAN(AV18))^(-1))*3.14 -> 9.5683205 | AY18: =IF(AV18>0.1,"SUB-VERTICAL",IF(AV18<0,"SUB-HORIZONTAL","MERGULHO")) -> SUB-VERTICAL | AZ18: =IF(AV18>0.1,"1",IF(AV18<0,"2","3")) -> 1 | BA18: =(R18+S18)/2 -> 1.341
A19: 5576.0493 | B19: 107.6091 | C19: 132.4768 | D19: 146.3292 | E19: 129.5309 | F19: 124.8763 | G19: 128.3608 | H19: 87.5612 | I19: =(1/(1/B19)+(1/M19)+(1/C19)+(1/N19)) -> 107.63441 | J19: =G19/145.9555 -> 0.87945161 | K19: =-LOG(AD19)-LOG(J19) -> 0.99698256 | L19: =(M19+N19+O19+B19+C19+D19)/6 -> 123.56095 | M19: 110.0984 | N19: 115.2661 | O19: 129.5861 | P19: 120.4453 | Q19: 132.5767 | R19: 2.4793 | S19: 0.2034 | T19: 29.8867 | U19: -999 | V19: 4558.6289 | X19: 110.0984 | Y19: 2492.4656 | Z19: -999 | AA19: -999 | AB19: =W19+$W$6*R19+$W$7*S19+$W$8*T19+$W$9*U19 -> -2187.7181 | AC19: -999 | AD19: 0.1145 | AE19: 0.1145 | AF19: 0.1213 | AG19: 0.1213 | AH19: -999 | AI19: =Z19^(1-1.89) -> #NUM! | AJ19: =G19/H19 -> 1.4659552 | AK19: =ABS(AJ19-1) -> 0.46595524 | AL19: =F19/B19 -> 1.1604623 | AM19: =ABS(AL19-1) -> 0.16046227 | AO19: =((B19+Q19)/2)*(Z19^3)/((1-Z19)^2) -> -119732.98 | AP19: =Z19*AD19 -> -114.3855 | AQ19: =AR19/100 -> -9.99 | AR19: -999 | AT19: =(H19*Q19)*((1/Q19^2)-(1/I19^2)) -> -0.34156371 | AU19: =(2*H19*Q19)*((1/I19^2)-(1/Q19^2)) -> 0.68312742 | AV19: =(F19-H19)/((F19*H19)^0.5) -> 0.3568525 | AW19: =Q19/H19 -> 1.5141033 | AX19: =((ATAN(AV19))^(-1))*3.14 -> 9.1607577 | AY19: =IF(AV19>0.1,"SUB-VERTICAL",IF(AV19<0,"SUB-HORIZONTAL","MERGULHO")) -> SUB-VERTICAL | AZ19: =IF(AV19>0.1,"1",IF(AV19<0,"2","3")) -> 1 | BA19: =(R19+S19)/2 -> 1.34135
A20: 5576.1255 | B20: 107.2979 | C20: 125.2765 | D20: 135.2405 | E20: 126.9248 | F20: 122.6799 | G20: 125.9829 | H20: 86.1738 | I20: =(1/(1/B20)+(1/M20)+(1/C20)+(1/N20)) -> 107.32426 | J20: =G20/145.9555 -> 0.86315966 | K20: =-LOG(AD20)-LOG(J20) -> 1.0051034 | L20: =(M20+N20+O20+B20+C20+D20)/6 -> 118.03988 | M20: 106.4133 | N20: 111.3804 | O20: 122.6307 | P20: 114.0068 | Q20: 127.8098 | R20: 2.4793 | S20: 0.2034 | T20: 29.8867 | U20: -999 | V20: 4558.6289 | X20: 106.4133 | Y20: 2492.4656 | Z20: -999 | AA20: -999 | AB20: =W20+$W$6*R20+$W$7*S20+$W$8*T20+$W$9*U20 -> -2187.7181 | AC20: -999 | AD20: 0.1145 | AE20: 0.1145 | AF20: 0.1213 | AG20: 0.1213 | AH20: -999 | AI20: =Z20^(1-1.89) -> #NUM! | AJ20: =G20/H20 -> 1.4619629 | AK20: =ABS(AJ20-1) -> 0.46196292 | AL20: =F20/B20 -> 1.1433579 | AM20: =ABS(AL20-1) -> 0.14335788 | AO20: =((B20+Q20)/2)*(Z20^3)/((1-Z20)^2) -> -117201.54 | AP20: =Z20*AD20 -> -114.3855 | AQ20: =AR20/100 -> -9.99 | AR20: -999 | AT20: =(H20*Q20)*((1/Q20^2)-(1/I20^2)) -> -0.28195403 | AU20: =(2*H20*Q20)*((1/I20^2)-(1/Q20^2)) -> 0.56390805 | AV20: =(F20-H20)/((F20*H20)^0.5) -> 0.3550513 | AW20: =Q20/H20 -> 1.4831631 | AX20: =((ATAN(AV20))^(-1))*3.14 -> 9.2036833 | AY20: =IF(AV20>0.1,"SUB-VERTICAL",IF(AV20<0,"SUB-HORIZONTAL","MERGULHO")) -> SUB-VERTICAL | AZ20: =IF(AV20>0.1,"1",IF(AV20<0,"2","3")) -> 1 | BA20: =(R20+S20)/2 -> 1.34135
A21: 5576.2017 | B21: 106.5888 | C21: 112.6309 | D21: 121.693 | E21: 115.4466 | F21: 111.8992 | G21: 115.2712 | H21: 85.0474 | I21: =(1/(1/B21)+(1/M21)+(1/C21)+(1/N21)) -> 106.61674 | J21: =G21/145.9555 -> 0.78976948 | K21: =-LOG(AD21)-LOG(J21) -> 0.9959688 | L21: =(M21+N21+O21+B21+C21+D21)/6 -> 111.32372 | M21: 103.2692 | N21: 106.6851 | O21: 117.0753 | P21: 107.0333 | Q21: 122.3071 | R21: 2.4867 | S21: 0.1878 | T21: 31.9041 | U21: -999 | V21: 4640.0552 | X21: 103.2692 | Y21: 2577.0005 | Z21: -999 | AA21: -999 | AB21: =W21+$W$6*R21+$W$7*S21+$W$8*T21+$W$9*U21 -> -2180.2694 | AC21: 426.6025 | AD21: 0.1278 | AE21: 0.1278 | AF21: 0.1337 | AG21: 0.1337 | AH21: -999 | AI21: =Z21^(1-1.89) -> #NUM! | AJ21: =G21/H21 -> 1.3553759 | AK21: =ABS(AJ21-1) -> 0.35537594 | AL21: =F21/B21 -> 1.0498214 | AM21: =ABS(AL21-1) -> 0.04982137 | AO21: =((B21+Q21)/2)*(Z21^3)/((1-Z21)^2) -> -114104.95 | AP21: =Z21*AD21 -> -127.6722 | AQ21: =AR21/100 -> -9.99 | AR21: -999 | AT21: =(H21*Q21)*((1/Q21^2)-(1/I21^2)) -> -0.21972661 | AU21: =(2*H21*Q21)*((1/I21^2)-(1/Q21^2)) -> 0.43945323 | AV21: =(F21-H21)/((F21*H21)^0.5) -> 0.27525131 | AW21: =Q21/H21 -> 1.4381051 | AX21: =((ATAN(AV21))^(-1))*3.14 -> 11.690253 | AY21: =IF(AV21>0.1,"SUB-VERTICAL",IF(AV21<0,"SUB-HORIZONTAL","MERGULHO")) -> SUB-VERTICAL | AZ21: =IF(AV21>0.1,"1",IF(AV21<0,"2","3")) -> 1 | BA21: =(R21+S21)/2 -> 1.33725
... A84: 5581.0023 | B84: 515.9935 | C84: 678.8842 | D84: 857.6448 | E84: 580.2955 | F84: 547.6121 | G84: 563.2166 | H84: 543.7844 | I84: =(1/(1/B84)+(1/M84)+(1/C84)+(1/N84)) -> 515.9978 | J84: =G84/145.9555 -> 3.8588241 | K84: =-LOG(AD84)-LOG(J84) -> 0.56045549 | L84: =(M84+N84+O84+B84+C84+D84)/6 -> 706.41347 | M84: 759.2965 | N84: 662.1561 | O84: 764.5057 | P84: 678.0287 | Q84: 595.6652 | R84: 2.5192 | S84: 0.1742 | T84: 44.5872 | U84: -999 | V84: 4664.5674 | X84: 759.2965 | Y84: 2902.229 | Z84: -999 | AA84: -999 | AB84: =W84+$W$6*R84+$W$7*S84+$W$8*T84+$W$9*U84 -> -2194.6609 | AC84: 330.8687 | AD84: 0.0713 | AE84: 0.0713 | AF84: 0.0881 | AG84: 0.0881 | AH84: -999 | AI84: =Z84^(1-1.89) -> #NUM! | AJ84: =G84/H84 -> 1.0357351 | AK84: =ABS(AJ84-1) -> 0.035735119 | AL84: =F84/B84 -> 1.0612771 | AM84: =ABS(AL84-1) -> 0.061277128 | AO84: =((B84+Q84)/2)*(Z84^3)/((1-Z84)^2) -> -554163.53 | AP84: =Z84*AD84 -> -71.2287 | AQ84: =AR84/100 -> -9.99 | AR84: -999 | AT84: =(H84*Q84)*((1/Q84^2)-(1/I84^2)) -> -0.30365652 | AU84: =(2*H84*Q84)*((1/I84^2)-(1/Q84^2)) -> 0.60731304 | AV84: =(F84-H84)/((F84*H84)^0.5) -> 0.0070143592 | AW84: =Q84/H84 -> 1.0954069 | AX84: =((ATAN(AV84))^(-1))*3.14 -> 447.66049 | AY84: =IF(AV84>0.1,"SUB-VERTICAL",IF(AV84<0,"SUB-HORIZONTAL","MERGULHO")) -> MERGULHO | AZ84: =IF(AV84>0.1,"1",IF(AV84<0,"2","3")) -> 3 | BA84: =(R84+S84)/2 -> 1.3467
A85: 5581.0785 | B85: 801.8865 | C85: 1074.4752 | D85: 1288.1257 | E85: 676.6855 | F85: 663.414 | G85: 653.2498 | H85: 609.5341 | I85: =(1/(1/B85)+(1/M85)+(1/C85)+(1/N85)) -> 801.88956 | J85: =G85/145.9555 -> 4.4756779 | K85: =-LOG(AD85)-LOG(J85) -> 0.51029209 | L85: =(M85+N85+O85+B85+C85+D85)/6 -> 1002.2478 | M85: 1007.233 | N85: 880.0674 | O85: 961.6991 | P85: 968.5748 | Q85: 745.1599 | R85: 2.5105 | S85: 0.1445 | T85: 38.0232 | U85: 4.1077 | V85: 4572.6689 | X85: 1007.233 | Y85: 2964.7544 | Z85: 0.171 | AA85: 84.5 | AB85: =W85+$W$6*R85+$W$7*S85+$W$8*T85+$W$9*U85 -> -1128.9794 | AC85: 316.763 | AD85: 0.069 | AE85: 0.069 | AF85: 0.0764 | AG85: 0.0764 | AH85: 4.1077 | AI85: =Z85^(1-1.89) -> 4.8154121 | AJ85: =G85/H85 -> 1.0717199 | AK85: =ABS(AJ85-1) -> 0.071719859 | AL85: =F85/B85 -> 0.82731658 | AM85: =ABS(AL85-1) -> 0.17268342 | AO85: =((B85+Q85)/2)*(Z85^3)/((1-Z85)^2) -> 5.6279809 | AP85: =Z85*AD85 -> 0.011799 | AQ85: =AR85/100 -> 0.00171 | AR85: 0.171 | AS85: 0.116 | AT85: =(H85*Q85)*((1/Q85^2)-(1/I85^2)) -> 0.11164359 | AU85: =(2*H85*Q85)*((1/I85^2)-(1/Q85^2)) -> -0.22328718 | AV85: =(F85-H85)/((F85*H85)^0.5) -> 0.08472966 | AW85: =Q85/H85 -> 1.2225073 | AX85: =((ATAN(AV85))^(-1))*3.14 -> 37.147556 | AY85: =IF(AV85>0.1,"SUB-VERTICAL",IF(AV85<0,"SUB-HORIZONTAL","MERGULHO")) -> MERGULHO | AZ85: =IF(AV85>0.1,"1",IF(AV85<0,"2","3")) -> 3 | BA85: =(R85+S85)/2 -> 1.3275
A86: 5581.1547 | B86: 1039.2368 | C86: 1069.1127 | D86: 1403.1847 | E86: 664.7947 | F86: 639.3735 | G86: 649.8528 | H86: 594.5243 | I86: =(1/(1/B86)+(1/M86)+(1/C86)+(1/N86)) -> 1039.2396 | J86: =G86/145.9555 -> 4.4524036 | K86: =-LOG(AD86)-LOG(J86) -> 0.51255638 | L86: =(M86+N86+O86+B86+C86+D86)/6 -> 1123.6305 | M86: 1156.2897 | N86: 974.4163 | O86: 1099.543 | P86: 1084.7289 | Q86: 892.7764 | R86: 2.5105 | S86: 0.1445 | T86: 38.0232 | U86: 4.1077 | V86: 4572.6689 | X86: 1156.2897 | Y86: 2964.7544 | Z86: 0.171 | AA86: 84.5 | AB86: =W86+$W$6*R86+$W$7*S86+$W$8*T86+$W$9*U86 -> -1128.9794 | AC86: 316.763 | AD86: 0.069 | AE86: 0.069 | AF86: 0.0764 | AG86: 0.0764 | AH86: 4.1077 | AI86: =Z86^(1-1.89) -> 4.8154121 | AJ86: =G86/H86 -> 1.0930635 | AK86: =ABS(AJ86-1) -> 0.093063479 | AL86: =F86/B86 -> 0.6152337 | AM86: =ABS(AL86-1) -> 0.3847663 | AO86: =((B86+Q86)/2)*(Z86^3)/((1-Z86)^2) -> 7.0284468 | AP86: =Z86*AD86 -> 0.011799 | AQ86: =AR86/100 -> 0.00171 | AR86: 0.171 | AS86: 0.174 | AT86: =(H86*Q86)*((1/Q86^2)-(1/I86^2)) -> 0.17447565 | AU86: =(2*H86*Q86)*((1/I86^2)-(1/Q86^2)) -> -0.34895131 | AV86: =(F86-H86)/((F86*H86)^0.5) -> 0.07274323 | AW86: =Q86/H86 -> 1.5016651 | AX86: =((ATAN(AV86))^(-1))*3.14 -> 43.24156 | AY86: =IF(AV86>0.1,"SUB-VERTICAL",IF(AV86<0,"SUB-HORIZONTAL","MERGULHO")) -> MERGULHO | AZ86: =IF(AV86>0.1,"1",IF(AV86<0,"2","3")) -> 3 | BA86: =(R86+S86)/2 -> 1.3275
A87: 5581.2309 | B87: 1033.7458 | C87: 1031.6194 | D87: 1243.823 | E87: 611.2242 | F87: 571.7587 | G87: 592.7784 | H87: 594.8344 | I87: =(1/(1/B87)+(1/M87)+(1/C87)+(1/N87)) -> 1033.7486 | J87: =G87/145.9555 -> 4.0613639 | K87: =-LOG(AD87)-LOG(J87) -> 0.48986977 | L87: =(M87+N87+O87+B87+C87+D87)/6 -> 1119.2082 | M87: 1229.8741 | N87: 1019.1733 | O87: 1157.0135 | P87: 1039.9141 | Q87: 931.8405 | R87: 2.5158 | S87: 0.1165 | T87: 34.0681 | U87: -999 | V87: 4500.1777 | X87: 1229.8741 | Y87: 2936.7427 | Z87: -999 | AA87: -999 | AB87: =W87+$W$6*R87+$W$7*S87+$W$8*T87+$W$9*U87 -> -2137.4683 | AC87: 257.6049 | AD87: 0.0797 | AE87: 0.0797 | AF87: 0.0804 | AG87: 0.0683 | AH87: -999 | AI87: =Z87^(1-1.89) -> #NUM! | AJ87: =G87/H87 -> 0.99654358 | AK87: =ABS(AJ87-1) -> 0.0034564242 | AL87: =F87/B87 -> 0.5530941 | AM87: =ABS(AL87-1) -> 0.4469059 | AO87: =((B87+Q87)/2)*(Z87^3)/((1-Z87)^2) -> -979847.72 | AP87: =Z87*AD87 -> -79.6203 | AQ87: =AR87/100 -> -9.99 | AR87: -999 | AT87: =(H87*Q87)*((1/Q87^2)-(1/I87^2)) -> 0.11965364 | AU87: =(2*H87*Q87)*((1/I87^2)-(1/Q87^2)) -> -0.23930729 | AV87: =(F87-H87)/((F87*H87)^0.5) -> -0.039568579 | AW87: =Q87/H87 -> 1.5665545 | AX87: =((ATAN(AV87))^(-1))*3.14 -> -79.397293 | AY87: =IF(AV87>0.1,"SUB-VERTICAL",IF(AV87<0,"SUB-HORIZONTAL","MERGULHO")) -> SUB-HORIZONTAL | AZ87: =IF(AV87>0.1,"1",IF(AV87<0,"2","3")) -> 2 | BA87: =(R87+S87)/2 -> 1.31615
A88: 5581.3071 | B88: 1047.7156 | C88: 1065.2152 | D88: 1479.6067 | E88: 667.1757 | F88: 603.1235 | G88: 624.4707 | H88: 662.9927 | I88: =(1/(1/B88)+(1/M88)+(1/C88)+(1/N88)) -> 1047.7184 | J88: =G88/145.9555 -> 4.2785006 | K88: =-LOG(AD88)-LOG(J88) -> 0.46725008 | L88: =(M88+N88+O88+B88+C88+D88)/6 -> 1149.7333 | M88: 1195.2133 | N88: 1023.6471 | O88: 1087.0022 | P88: 981.4796 | Q88: 869.8414 | R88: 2.5158 | S88: 0.1165 | T88: 34.0681 | U88: -999 | V88: 4500.1777 | X88: 1195.2133 | Y88: 2936.7427 | Z88: -999 | AA88: -999 | AB88: =W88+$W$6*R88+$W$7*S88+$W$8*T88+$W$9*U88 -> -2137.4683 | AC88: 257.6049 | AD88: 0.0797 | AE88: 0.0797 | AF88: 0.0804 | AG88: 0.0683 | AH88: -999 | AI88: =Z88^(1-1.89) -> #NUM! | AJ88: =G88/H88 -> 0.9418968 | AK88: =ABS(AJ88-1) -> 0.058103204 | AL88: =F88/B88 -> 0.57565574 | AM88: =ABS(AL88-1) -> 0.42434426 | AO88: =((B88+Q88)/2)*(Z88^3)/((1-Z88)^2) -> -955905.04 | AP88: =Z88*AD88 -> -79.6203 | AQ88: =AR88/100 -> -9.99 | AR88: -999 | AT88: =(H88*Q88)*((1/Q88^2)-(1/I88^2)) -> 0.23683624 | AU88: =(2*H88*Q88)*((1/I88^2)-(1/Q88^2)) -> -0.47367248 | AV88: =(F88-H88)/((F88*H88)^0.5) -> -0.09467732 | AW88: =Q88/H88 -> 1.3119924 | AX88: =((ATAN(AV88))^(-1))*3.14 -> -33.264142 | AY88: =IF(AV88>0.1,"SUB-VERTICAL",IF(AV88<0,"SUB-HORIZONTAL","MERGULHO")) -> SUB-HORIZONTAL | AZ88: =IF(AV88>0.1,"1",IF(AV88<0,"2","3")) -> 2 | BA88: =(R88+S88)/2 -> 1.31615
A89: 5581.3833 | B89: 935.3281 | C89: 979.4077 | D89: 1379.9121 | E89: 617.846 | F89: 565.6111 | G89: 573.5693 | H89: 662.9252 | I89: =(1/(1/B89)+(1/M89)+(1/C89)+(1/N89)) -> 935.33127 | J89: =G89/145.9555 -> 3.9297546 | K89: =-LOG(AD89)-LOG(J89) -> 0.44043287 | L89: =(M89+N89+O89+B89+C89+D89)/6 -> 1019.9138 | M89: 1003.3738 | N89: 871.4689 | O89: 949.9924 | P89: 861.6324 | Q89: 734.7858 | R89: 2.5319 | S89: 0.1019 | T89: 36.2354 | U89: 4.0141 | V89: 4540.6479 | X89: 1003.3738 | Y89: 2805.4128 | Z89: 0.176 | AA89: 5.62 | AB89: =W89+$W$6*R89+$W$7*S89+$W$8*T89+$W$9*U89 -> -1102.056 | AC89: -999 | AD89: 0.0923 | AE89: 0.0923 | AF89: 0.0923 | AG89: 0.0687 | AH89: 4.0141 | AI89: =Z89^(1-1.89) -> 4.6934665 | AJ89: =G89/H89 -> 0.86520968 | AK89: =ABS(AJ89-1) -> 0.13479032 | AL89: =F89/B89 -> 0.60471946 | AM89: =ABS(AL89-1) -> 0.39528054 | AO89: =((B89+Q89)/2)*(Z89^3)/((1-Z89)^2) -> 6.7050138 | AP89: =Z89*AD89 -> 0.0162448 | AQ89: =AR89/100 -> 0.00176 | AR89: 0.176 | AS89: 0.345 | AT89: =(H89*Q89)*((1/Q89^2)-(1/I89^2)) -> 0.34540819 | AU89: =(2*H89*Q89)*((1/I89^2)-(1/Q89^2)) -> -0.69081638 | AV89: =(F89-H89)/((F89*H89)^0.5) -> -0.15892219 | AW89: =Q89/H89 -> 1.1083993 | AX89: =((ATAN(AV89))^(-1))*3.14 -> -19.923329 | AY89: =IF(AV89>0.1,"SUB-VERTICAL",IF(AV89<0,"SUB-HORIZONTAL","MERGULHO")) -> SUB-HORIZONTAL | AZ89: =IF(AV89>0.1,"1",IF(AV89<0,"2","3")) -> 2 | BA89: =(R89+S89)/2 -> 1.3169
A90: 5581.4595 | B90: 758.4761 | C90: 723.1504 | D90: 988.6627 | E90: 511.4042 | F90: 480.6629 | G90: 464.1394 | H90: 611.1597 | I90: =(1/(1/B90)+(1/M90)+(1/C90)+(1/N90)) -> 758.48028 | J90: =G90/145.9555 -> 3.1800062 | K90: =-LOG(AD90)-LOG(J90) -> 0.53237033 | L90: =(M90+N90+O90+B90+C90+D90)/6 -> 786.78672 | M90: 758.9992 | N90: 676.352 | O90: 815.0799 | P90: 695.138 | Q90: 574.1118 | R90: 2.5319 | S90: 0.1019 | T90: 36.2354 | U90: 4.0141 | V90: 4540.6479 | X90: 758.9992 | Y90: 2805.4128 | Z90: 0.176 | AA90: 5.62 | AB90: =W90+$W$6*R90+$W$7*S90+$W$8*T90+$W$9*U90 -> -1102.056 | AC90: -999 | AD90: 0.0923 | AE90: 0.0923 | AF90: 0.0923 | AG90: 0.0687 | AH90: 4.0141 | AI90: =Z90^(1-1.89) -> 4.6934665 | AJ90: =G90/H90 -> 0.75944045 | AK90: =ABS(AJ90-1) -> 0.24055955 | AL90: =F90/B90 -> 0.63372188 | AM90: =ABS(AL90-1) -> 0.36627812 | AO90: =((B90+Q90)/2)*(Z90^3)/((1-Z90)^2) -> 5.3499466 | AP90: =Z90*AD90 -> 0.0162448 | AQ90: =AR90/100 -> 0.00176 | AR90: 0.176 | AS90: 0.454 | AT90: =(H90*Q90)*((1/Q90^2)-(1/I90^2)) -> 0.45462525 | AU90: =(2*H90*Q90)*((1/I90^2)-(1/Q90^2)) -> -0.90925049 | AV90: =(F90-H90)/((F90*H90)^0.5) -> -0.24076991 | AW90: =Q90/H90 -> 0.93938098 | AX90: =((ATAN(AV90))^(-1))*3.14 -> -13.289721 | AY90: =IF(AV90>0.1,"SUB-VERTICAL",IF(AV90<0,"SUB-HORIZONTAL","MERGULHO")) -> SUB-HORIZONTAL | AZ90: =IF(AV90>0.1,"1",IF(AV90<0,"2","3")) -> 2 | BA90: =(R90+S90)/2 -> 1.3169
A91: 5581.5357 | B91: 559.63 | C91: 562.6732 | D91: 709.2905 | E91: 403.1908 | F91: 384.4682 | G91: 385.1412 | H91: 564.1857 | I91: =(1/(1/B91)+(1/M91)+(1/C91)+(1/N91)) -> 559.63538 | J91: =G91/145.9555 -> 2.6387577 | K91: =-LOG(AD91)-LOG(J91) -> 0.54277066 | L91: =(M91+N91+O91+B91+C91+D91)/6 -> 605.69627 | M91: 573.7358 | N91: 536.6766 | O91: 692.1715 | P91: 565.4944 | Q91: 478.7786 | R91: 2.5417 | S91: 0.1062 | T91: 41.1261 | U91: -999 | V91: 4779.3525 | X91: 573.7358 | Y91: 2689.7485 | Z91: -999 | AA91: -999 | AB91: =W91+$W$6*R91+$W$7*S91+$W$8*T91+$W$9*U91 -> -2146.376 | AC91: 185.319 | AD91: 0.1086 | AE91: 0.1086 | AF91: 0.1086 | AG91: 0.0708 | AH91: -999 | AI91: =Z91^(1-1.89) -> #NUM! | AJ91: =G91/H91 -> 0.6826497 | AK91: =ABS(AJ91-1) -> 0.3173503 | AL91: =F91/B91 -> 0.68700427 | AM91: =ABS(AL91-1) -> 0.31299573 | AO91: =((B91+Q91)/2)*(Z91^3)/((1-Z91)^2) -> -517648.24 | AP91: =Z91*AD91 -> -108.4914 | AQ91: =AR91/100 -> -9.99 | AR91: -999 | AT91: =(H91*Q91)*((1/Q91^2)-(1/I91^2)) -> 0.31591046 | AU91: =(2*H91*Q91)*((1/I91^2)-(1/Q91^2)) -> -0.63182091 | AV91: =(F91-H91)/((F91*H91)^0.5) -> -0.3858772 | AW91: =Q91/H91 -> 0.84861881 | AX91: =((ATAN(AV91))^(-1))*3.14 -> -8.5262932 | AY91: =IF(AV91>0.1,"SUB-VERTICAL",IF(AV91<0,"SUB-HORIZONTAL","MERGULHO")) -> SUB-HORIZONTAL | AZ91: =IF(AV91>0.1,"1",IF(AV91<0,"2","3")) -> 2 | BA91: =(R91+S91)/2 -> 1.32395
A92: 5581.6119 | B92: 406.0007 | C92: 447.9662 | D92: 540.8618 | E92: 352.9025 | F92: 339.0969 | G92: 351.4859 | H92: 506.3126 | I92: =(1/(1/B92)+(1/M92)+(1/C92)+(1/N92)) -> 406.00727 | J92: =G92/145.9555 -> 2.4081717 | K92: =-LOG(AD92)-LOG(J92) -> 0.58248273 | L92: =(M92+N92+O92+B92+C92+D92)/6 -> 486.69817 | M92: 462.7726 | N92: 458.9506 | O92: 603.6371 | P92: 481.5101 | Q92: 423.2158 | R92: 2.5417 | S92: 0.1062 | T92: 41.1261 | U92: -999 | V92: 4779.3525 | X92: 462.7726 | Y92: 2689.7485 | Z92: -999 | AA92: -999 | AB92: =W92+$W$6*R92+$W$7*S92+$W$8*T92+$W$9*U92 -> -2146.376 | AC92: 185.319 | AD92: 0.1086 | AE92: 0.1086 | AF92: 0.1086 | AG92: 0.0708 | AH92: -999 | AI92: =Z92^(1-1.89) -> #NUM! | AJ92: =G92/H92 -> 0.69420729 | AK92: =ABS(AJ92-1) -> 0.30579271 | AL92: =F92/B92 -> 0.8352126 | AM92: =ABS(AL92-1) -> 0.1647874 | AO92: =((B92+Q92)/2)*(Z92^3)/((1-Z92)^2) -> -413365.67 | AP92: =Z92*AD92 -> -108.4914 | AQ92: =AR92/100 -> -9.99 | AR92: -999 | AT92: =(H92*Q92)*((1/Q92^2)-(1/I92^2)) -> -0.10356293 | AU92: =(2*H92*Q92)*((1/I92^2)-(1/Q92^2)) -> 0.20712586 | AV92: =(F92-H92)/((F92*H92)^0.5) -> -0.40355783 | AW92: =Q92/H92 -> 0.83587847 | AX92: =((ATAN(AV92))^(-1))*3.14 -> -8.1862566 | AY92: =IF(AV92>0.1,"SUB-VERTICAL",IF(AV92<0,"SUB-HORIZONTAL","MERGULHO")) -> SUB-HORIZONTAL | AZ92: =IF(AV92>0.1,"1",IF(AV92<0,"2","3")) -> 2 | BA92: =(R92+S92)/2 -> 1.32395
A93: 5581.6881 | B93: 353.5434 | C93: 446.0331 | D93: 472.7209 | E93: 332.5149 | F93: 321.096 | G93: 333.7124 | H93: 456.2232 | I93: =(1/(1/B93)+(1/M93)+(1/C93)+(1/N93)) -> 353.5504 | J93: =G93/145.9555 -> 2.2863983 | K93: =-LOG(AD93)-LOG(J93) -> 0.61390649 | L93: =(M93+N93+O93+B93+C93+D93)/6 -> 444.96587 | M93: 419.9279 | N93: 421.5578 | O93: 556.0121 | P93: 446.669 | Q93: 383.1099 | R93: 2.5285 | S93: 0.1239 | T93: 42.9966 | U93: 4.3106 | V93: 4820.6104 | X93: 419.9279 | Y93: 2660.3748 | Z93: 0.161 | AA93: 38.2 | AB93: =W93+$W$6*R93+$W$7*S93+$W$8*T93+$W$9*U93 -> -1124.414 | AC93: 298.9697 | AD93: 0.1064 | AE93: 0.1064 | AF93: 0.1064 | AG93: 0.0758 | AH93: 4.3106 | AI93: =Z93^(1-1.89) -> 5.0807166 | AJ93: =G93/H93 -> 0.7314674 | AK93: =ABS(AJ93-1) -> 0.2685326 | AL93: =F93/B93 -> 0.9082223 | AM93: =ABS(AL93-1) -> 0.0917777 | AO93: =((B93+Q93)/2)*(Z93^3)/((1-Z93)^2) -> 2.1836692 | AP93: =Z93*AD93 -> 0.0171304 | AQ93: =AR93/100 -> 0.00161 | AR93: 0.161 | AS93: 0.41 | AT93: =(H93*Q93)*((1/Q93^2)-(1/I93^2)) -> -0.2074511 | AU93: =(2*H93*Q93)*((1/I93^2)-(1/Q93^2)) -> 0.41490221 | AV93: =(F93-H93)/((F93*H93)^0.5) -> -0.35305035 | AW93: =Q93/H93 -> 0.83974226 | AX93: =((ATAN(AV93))^(-1))*3.14 -> -9.2519015 | AY93: =IF(AV93>0.1,"SUB-VERTICAL",IF(AV93<0,"SUB-HORIZONTAL","MERGULHO")) -> SUB-HORIZONTAL | AZ93: =IF(AV93>0.1,"1",IF(AV93<0,"2","3")) -> 2 | BA93: =(R93+S93)/2 -> 1.3262
A94: 5581.7643 | B94: 351.5662 | C94: 458.6676 | D94: 501.6991 | E94: 329.9853 | F94: 319.3913 | G94: 329.2165 | H94: 443.9205 | I94: =(1/(1/B94)+(1/M94)+(1/C94)+(1/N94)) -> 351.57325 | J94: =G94/145.9555 -> 2.255595 | K94: =-LOG(AD94)-LOG(J94) -> 0.61979724 | L94: =(M94+N94+O94+B94+C94+D94)/6 -> 445.02123 | M94: 415.8616 | N94: 405.6687 | O94: 536.6642 | P94: 435.868 | Q94: 359.8051 | R94: 2.5285 | S94: 0.1239 | T94: 42.9966 | U94: 4.3106 | V94: 4820.6104 | X94: 415.8616 | Y94: 2660.3748 | Z94: 0.161 | AA94: 38.2 | AB94: =W94+$W$6*R94+$W$7*S94+$W$8*T94+$W$9*U94 -> -1124.414 | AC94: 298.9697 | AD94: 0.1064 | AE94: 0.1064 | AF94: 0.1064 | AG94: 0.0758 | AH94: 4.3106 | AI94: =Z94^(1-1.89) -> 5.0807166 | AJ94: =G94/H94 -> 0.74161139 | AK94: =ABS(AJ94-1) -> 0.25838861 | AL94: =F94/B94 -> 0.90848125 | AM94: =ABS(AL94-1) -> 0.091518752 | AO94: =((B94+Q94)/2)*(Z94^3)/((1-Z94)^2) -> 2.1087255 | AP94: =Z94*AD94 -> 0.0171304 | AQ94: =AR94/100 -> 0.00161 | AR94: 0.161 | AS94: 0.11 | AT94: =(H94*Q94)*((1/Q94^2)-(1/I94^2)) -> -0.058452667 | AU94: =(2*H94*Q94)*((1/I94^2)-(1/Q94^2)) -> 0.11690533 | AV94: =(F94-H94)/((F94*H94)^0.5) -> -0.33071741 | AW94: =Q94/H94 -> 0.81051697 | AX94: =((ATAN(AV94))^(-1))*3.14 -> -9.8311061 | AY94: =IF(AV94>0.1,"SUB-VERTICAL",IF(AV94<0,"SUB-HORIZONTAL","MERGULHO")) -> SUB-HORIZONTAL | AZ94: =IF(AV94>0.1,"1",IF(AV94<0,"2","3")) -> 2 | BA94: =(R94+S94)/2 -> 1.3262
A95: 5581.8405 | B95: 356.668 | C95: 423.8164 | D95: 519.1217 | E95: 332.1964 | F95: 322.296 | G95: 335.662 | H95: 453.7095 | I95: =(1/(1/B95)+(1/M95)+(1/C95)+(1/N95)) -> 356.67521 | J95: =G95/145.9555 -> 2.2997557 | K95: =-LOG(AD95)-LOG(J95) -> 0.66426738 | L95: =(M95+N95+O95+B95+C95+D95)/6 -> 443.21777 | M95: 426.0108 | N95: 400.0862 | O95: 533.6035 | P95: 425.0998 | Q95: 349.7631 | R95: 2.4974 | S95: 0.1438 | T95: 41.4301 | U95: -999 | V95: 4843.7227 | X95: 426.0108 | Y95: 2701.1223 | Z95: -999 | AA95: -999 | AB95: =W95+$W$6*R95+$W$7*S95+$W$8*T95+$W$9*U95 -> -2159.0382 | AC95: 389.4536 | AD95: 0.0942 | AE95: 0.0942 | AF95: 0.0942 | AG95: 0.0787 | AH95: -999 | AI95: =Z95^(1-1.89) -> #NUM! | AJ95: =G95/H95 -> 0.739817 | AK95: =ABS(AJ95-1) -> 0.260183 | AL95: =F95/B95 -> 0.90363027 | AM95: =ABS(AL95-1) -> 0.096369733 | AO95: =((B95+Q95)/2)*(Z95^3)/((1-Z95)^2) -> -352156.96 | AP95: =Z95*AD95 -> -94.1058 | AQ95: =AR95/100 -> -9.99 | AR95: -999 | AT95: =(H95*Q95)*((1/Q95^2)-(1/I95^2)) -> 0.049790065 | AU95: =(2*H95*Q95)*((1/I95^2)-(1/Q95^2)) -> -0.09958013 | AV95: =(F95-H95)/((F95*H95)^0.5) -> -0.34365573 | AW95: =Q95/H95 -> 0.77089658 | AX95: =((ATAN(AV95))^(-1))*3.14 -> -9.4860677 | AY95: =IF(AV95>0.1,"SUB-VERTICAL",IF(AV95<0,"SUB-HORIZONTAL","MERGULHO")) -> SUB-HORIZONTAL | AZ95: =IF(AV95>0.1,"1",IF(AV95<0,"2","3")) -> 2 | BA95: =(R95+S95)/2 -> 1.3206
A96: 5581.9167 | B96: 403.49 | C96: 388.7556 | D96: 484.357 | E96: 328.9037 | F96: 319.9106 | G96: 334.9256 | H96: 474.837 | I96: =(1/(1/B96)+(1/M96)+(1/C96)+(1/N96)) -> 403.49731 | J96: =G96/145.9555 -> 2.2947104 | K96: =-LOG(AD96)-LOG(J96) -> 0.66522122 | L96: =(M96+N96+O96+B96+C96+D96)/6 -> 444.55728 | M96: 444.7903 | N96: 402.2347 | O96: 543.7161 | P96: 421.1289 | Q96: 349.0292 | R96: 2.4974 | S96: 0.1438 | T96: 41.4301 | U96: -999 | V96: 4843.7227 | X96: 444.7903 | Y96: 2701.1223 | Z96: -999 | AA96: -999 | AB96: =W96+$W$6*R96+$W$7*S96+$W$8*T96+$W$9*U96 -> -2159.0382 | AC96: 389.4536 | AD96: 0.0942 | AE96: 0.0942 | AF96: 0.0942 | AG96: 0.0787 | AH96: -999 | AI96: =Z96^(1-1.89) -> #NUM! | AJ96: =G96/H96 -> 0.70534857 | AK96: =ABS(AJ96-1) -> 0.29465143 | AL96: =F96/B96 -> 0.79285881 | AM96: =ABS(AL96-1) -> 0.20714119 | AO96: =((B96+Q96)/2)*(Z96^3)/((1-Z96)^2) -> -375131.95 | AP96: =Z96*AD96 -> -94.1058 | AQ96: =AR96/100 -> -9.99 | AR96: -999 | AT96: =(H96*Q96)*((1/Q96^2)-(1/I96^2)) -> 0.34250396 | AU96: =(2*H96*Q96)*((1/I96^2)-(1/Q96^2)) -> -0.68500791 | AV96: =(F96-H96)/((F96*H96)^0.5) -> -0.39750156 | AW96: =Q96/H96 -> 0.73505055 | AX96: =((ATAN(AV96))^(-1))*3.14 -> -8.2991786 | AY96: =IF(AV96>0.1,"SUB-VERTICAL",IF(AV96<0,"SUB-HORIZONTAL","MERGULHO")) -> SUB-HORIZONTAL | AZ96: =IF(AV96>0.1,"1",IF(AV96<0,"2","3")) -> 2 | BA96: =(R96+S96)/2 -> 1.3206
A97: 5581.9929 | B97: 453.8287 | C97: 410.1525 | D97: 486.7028 | E97: 336.539 | F97: 327.8571 | G97: 340.485 | H97: 501.802 | I97: =(1/(1/B97)+(1/M97)+(1/C97)+(1/N97)) -> 453.83569 | J97: =G97/145.9555 -> 2.3328001 | K97: =-LOG(AD97)-LOG(J97) -> 0.71199915 | L97: =(M97+N97+O97+B97+C97+D97)/6 -> 466.7379 | M97: 470.9291 | N97: 412.07 | O97: 566.7443 | P97: 426.941 | Q97: 352.217 | R97: 2.4658 | S97: 0.1593 | T97: 36.6217 | U97: 4.2893 | V97: 4882.833 | X97: 470.9291 | Y97: 2731.8047 | Z97: 0.162 | AA97: 995 | AB97: =W97+$W$6*R97+$W$7*S97+$W$8*T97+$W$9*U97 -> -1121.6243 | AC97: 405.096 | AD97: 0.0832 | AE97: 0.0832 | AF97: 0.0832 | AG97: 0.074 | AH97: 4.2893 | AI97: =Z97^(1-1.89) -> 5.0527945 | AJ97: =G97/H97 -> 0.6785246 | AK97: =ABS(AJ97-1) -> 0.3214754 | AL97: =F97/B97 -> 0.72242478 | AM97: =ABS(AL97-1) -> 0.27757522 | AO97: =((B97+Q97)/2)*(Z97^3)/((1-Z97)^2) -> 2.4399823 | AP97: =Z97*AD97 -> 0.0134784 | AQ97: =AR97/100 -> 0.00162 | AR97: 0.162 | AS97: 0.56 | AT97: =(H97*Q97)*((1/Q97^2)-(1/I97^2)) -> 0.56658073 | AU97: =(2*H97*Q97)*((1/I97^2)-(1/Q97^2)) -> -1.1331615 | AV97: =(F97-H97)/((F97*H97)^0.5) -> -0.42884782 | AW97: =Q97/H97 -> 0.70190434 | AX97: =((ATAN(AV97))^(-1))*3.14 -> -7.7506891 | AY97: =IF(AV97>0.1,"SUB-VERTICAL",IF(AV97<0,"SUB-HORIZONTAL","MERGULHO")) -> SUB-HORIZONTAL | AZ97: =IF(AV97>0.1,"1",IF(AV97<0,"2","3")) -> 2 | BA97: =(R97+S97)/2 -> 1.31255
A98: 5582.0691 | B98: 473.1146 | C98: 460.2591 | D98: 541.016 | E98: 358.2119 | F98: 349.4585 | G98: 358.1487 | H98: 540.9119 | I98: =(1/(1/B98)+(1/M98)+(1/C98)+(1/N98)) -> 473.12112 | J98: =G98/145.9555 -> 2.4538212 | K98: =-LOG(AD98)-LOG(J98) -> 0.69003376 | L98: =(M98+N98+O98+B98+C98+D98)/6 -> 499.32357 | M98: 503.3021 | N98: 423.3931 | O98: 594.8565 | P98: 439.6122 | Q98: 360.3977 | R98: 2.4658 | S98: 0.1593 | T98: 36.6217 | U98: 4.2893 | V98: 4882.833 | X98: 503.3021 | Y98: 2731.8047 | Z98: 0.162 | AA98: 995 | AB98: =W98+$W$6*R98+$W$7*S98+$W$8*T98+$W$9*U98 -> -1121.6243 | AC98: 405.096 | AD98: 0.0832 | AE98: 0.0832 | AF98: 0.0832 | AG98: 0.074 | AH98: 4.2893 | AI98: =Z98^(1-1.89) -> 5.0527945 | AJ98: =G98/H98 -> 0.66212021 | AK98: =ABS(AJ98-1) -> 0.33787979 | AL98: =F98/B98 -> 0.73863394 | AM98: =ABS(AL98-1) -> 0.26136606 | AO98: =((B98+Q98)/2)*(Z98^3)/((1-Z98)^2) -> 2.5231265 | AP98: =Z98*AD98 -> 0.0134784 | AQ98: =AR98/100 -> 0.00162 | AR98: 0.162 | AS98: 0.629 | AT98: =(H98*Q98)*((1/Q98^2)-(1/I98^2)) -> 0.62998386 | AU98: =(2*H98*Q98)*((1/I98^2)-(1/Q98^2)) -> -1.2599677 | AV98: =(F98-H98)/((F98*H98)^0.5) -> -0.44035407 | AW98: =Q98/H98 -> 0.666278 | AX98: =((ATAN(AV98))^(-1))*3.14 -> -7.5698498 | AY98: =IF(AV98>0.1,"SUB-VERTICAL",IF(AV98<0,"SUB-HORIZONTAL","MERGULHO")) -> SUB-HORIZONTAL | AZ98: =IF(AV98>0.1,"1",IF(AV98<0,"2","3")) -> 2 | BA98: =(R98+S98)/2 -> 1.31255
A99: 5582.1453 | B99: 496.3062 | C99: 470.4284 | D99: 567.2252 | E99: 383.1929 | F99: 373.6865 | G99: 380.292 | H99: 600.7729 | I99: =(1/(1/B99)+(1/M99)+(1/C99)+(1/N99)) -> 496.3125 | J99: =G99/145.9555 -> 2.6055339 | K99: =-LOG(AD99)-LOG(J99) -> 0.71840722 | L99: =(M99+N99+O99+B99+C99+D99)/6 -> 522.49167 | M99: 540.9618 | N99: 429.5568 | O99: 630.4716 | P99: 458.5416 | Q99: 374.1621 | R99: 2.4493 | S99: 0.1724 | T99: 31.5878 | U99: -999 | V99: 4990.0845 | X99: 540.9618 | Y99: 2736.8218 | Z99: -999 | AA99: -999 | AB99: =W99+$W$6*R99+$W$7*S99+$W$8*T99+$W$9*U99 -> -2153.1718 | AC99: -999 | AD99: 0.0734 | AE99: 0.0734 | AF99: 0.0734 | AG99: 0.0665 | AH99: -999 | AI99: =Z99^(1-1.89) -> #NUM! | AJ99: =G99/H99 -> 0.63300458 | AK99: =ABS(AJ99-1) -> 0.36699542 | AL99: =F99/B99 -> 0.75293539 | AM99: =ABS(AL99-1) -> 0.24706461 | AO99: =((B99+Q99)/2)*(Z99^3)/((1-Z99)^2) -> -433929.75 | AP99: =Z99*AD99 -> -73.3266 | AQ99: =AR99/100 -> -9.99 | AR99: -999 | AT99: =(H99*Q99)*((1/Q99^2)-(1/I99^2)) -> 0.69309237 | AU99: =(2*H99*Q99)*((1/I99^2)-(1/Q99^2)) -> -1.3861847 | AV99: =(F99-H99)/((F99*H99)^0.5) -> -0.47927222 | AW99: =Q99/H99 -> 0.62280123 | AX99: =((ATAN(AV99))^(-1))*3.14 -> -7.0257353 | AY99: =IF(AV99>0.1,"SUB-VERTICAL",IF(AV99<0,"SUB-HORIZONTAL","MERGULHO")) -> SUB-HORIZONTAL | AZ99: =IF(AV99>0.1,"1",IF(AV99<0,"2","3")) -> 2 | BA99: =(R99+S99)/2 -> 1.31085
A100: 5582.2215 | B100: 545.3602 | C100: 441.7914 | D100: 572.6639 | E100: 397.2768 | F100: 387.5615 | G100: 396.933 | H100: 672.34 | I100: =(1/(1/B100)+(1/M100)+(1/C100)+(1/N100)) -> 545.36642 | J100: =G100/145.9555 -> 2.7195481 | K100: =-LOG(AD100)-LOG(J100) -> 0.6998072 | L100: =(M100+N100+O100+B100+C100+D100)/6 -> 542.3422 | M100: 583.2471 | N100: 445.9526 | O100: 665.038 | P100: 478.1016 | Q100: 390.321 | R100: 2.4493 | S100: 0.1724 | T100: 31.5878 | U100: -999 | V100: 4990.0845 | X100: 583.2471 | Y100: 2736.8218 | Z100: -999 | AA100: -999 | AB100: =W100+$W$6*R100+$W$7*S100+$W$8*T100+$W$9*U100 -> -2153.1718 | AC100: -999 | AD100: 0.0734 | AE100: 0.0734 | AF100: 0.0734 | AG100: 0.0665 | AH100: -999 | AI100: =Z100^(1-1.89) -> #NUM! | AJ100: =G100/H100 -> 0.59037541 | AK100: =ABS(AJ100-1) -> 0.40962459 | AL100: =F100/B100 -> 0.71065234 | AM100: =ABS(AL100-1) -> 0.28934766 | AO100: =((B100+Q100)/2)*(Z100^3)/((1-Z100)^2) -> -466438.48 | AP100: =Z100*AD100 -> -73.3266 | AQ100: =AR100/100 -> -9.99 | AR100: -999 | AT100: =(H100*Q100)*((1/Q100^2)-(1/I100^2)) -> 0.84019478 | AU100: =(2*H100*Q100)*((1/I100^2)-(1/Q100^2)) -> -1.6803896 | AV100: =(F100-H100)/((F100*H100)^0.5) -> -0.55788208 | AW100: =Q100/H100 -> 0.5805411 | AX100: =((ATAN(AV100))^(-1))*3.14 -> -6.1704794 | AY100: =IF(AV100>0.1,"SUB-VERTICAL",IF(AV100<0,"SUB-HORIZONTAL","MERGULHO")) -> SUB-HORIZONTAL | AZ100: =IF(AV100>0.1,"1",IF(AV100<0,"2","3")) -> 2 | BA100: =(R100+S100)/2 -> 1.31085
A101: 5582.2977 | B101: 618.2883 | C101: 387.4758 | D101: 551.3174 | E101: 420.4649 | F101: 410.2702 | G101: 420.2466 | H101: 753.3162 | I101: =(1/(1/B101)+(1/M101)+(1/C101)+(1/N101)) -> 618.29457 | J101: =G101/145.9555 -> 2.879279 | K101: =-LOG(AD101)-LOG(J101) -> 0.73589558 | L101: =(M101+N101+O101+B101+C101+D101)/6 -> 558.2079 | M101: 641.6483 | N101: 468.4665 | O101: 682.0511 | P101: 500.4282 | Q101: 392.0295 | R101: 2.4442 | S101: 0.19 | T101: 26.0192 | U101: 4.1663 | V101: 5112.6836 | X101: 641.6483 | Y101: 2763.8445 | Z101: 0.168 | AA101: 354 | AB101: =W101+$W$6*R101+$W$7*S101+$W$8*T101+$W$9*U101 -> -1127.1627 | AC101: 436.4892 | AD101: 0.0638 | AE101: 0.0638 | AF101: 0.0638 | AG101: 0.058 | AH101: 4.1663 | AI101: =Z101^(1-1.89) -> 4.8918681 | AJ101: =G101/H101 -> 0.55786216 | AK101: =ABS(AJ101-1) -> 0.44213784 | AL101: =F101/B101 -> 0.66355808 | AM101: =ABS(AL101-1) -> 0.33644192 | AO101: =((B101+Q101)/2)*(Z101^3)/((1-Z101)^2) -> 3.4602637 | AP101: =Z101*AD101 -> 0.0107184 | AQ101: =AR101/100 -> 0.00168 | AR101: 0.168 | AT101: =(H101*Q101)*((1/Q101^2)-(1/I101^2)) -> 1.1490685 | AU101: =(2*H101*Q101)*((1/I101^2)-(1/Q101^2)) -> -2.298137 | AV101: =(F101-H101)/((F101*H101)^0.5) -> -0.61706188 | AW101: =Q101/H101 -> 0.52040498 | AX101: =((ATAN(AV101))^(-1))*3.14 -> -5.679448 | AY101: =IF(AV101>0.1,"SUB-VERTICAL",IF(AV101<0,"SUB-HORIZONTAL","MERGULHO")) -> SUB-HORIZONTAL | AZ101: =IF(AV101>0.1,"1",IF(AV101<0,"2","3")) -> 2 | BA101: =(R101+S101)/2 -> 1.3171
A102: 5582.3739 | B102: 712.4839 | C102: 397.8827 | D102: 608.2162 | E102: 469.2344 | F102: 455.3875 | G102: 468.5294 | H102: 854.5427 | I102: =(1/(1/B102)+(1/M102)+(1/C102)+(1/N102)) -> 712.4899 | J102: =G102/145.9555 -> 3.2100839 | K102: =-LOG(AD102)-LOG(J102) -> 0.68866294 | L102: =(M102+N102+O102+B102+C102+D102)/6 -> 599.5841 | M102: 706.1272 | N102: 482.5685 | O102: 690.2261 | P102: 488.27 | Q102: 392.6326 | R102: 2.4442 | S102: 0.19 | T102: 26.0192 | U102: 4.1663 | V102: 5112.6836 | X102: 706.1272 | Y102: 2763.8445 | Z102: 0.168 | AA102: 354 | AB102: =W102+$W$6*R102+$W$7*S102+$W$8*T102+$W$9*U102 -> -1127.1627 | AC102: 436.4892 | AD102: 0.0638 | AE102: 0.0638 | AF102: 0.0638 | AG102: 0.058 | AH102: 4.1663 | AI102: =Z102^(1-1.89) -> 4.8918681 | AJ102: =G102/H102 -> 0.54828085 | AK102: =ABS(AJ102-1) -> 0.45171915 | AL102: =F102/B102 -> 0.63915479 | AM102: =ABS(AL102-1) -> 0.36084521 | AO102: =((B102+Q102)/2)*(Z102^3)/((1-Z102)^2) -> 3.7849423 | AP102: =Z102*AD102 -> 0.0107184 | AQ102: =AR102/100 -> 0.00168 | AR102: 0.168 | AT102: =(H102*Q102)*((1/Q102^2)-(1/I102^2)) -> 1.5155026 | AU102: =(2*H102*Q102)*((1/I102^2)-(1/Q102^2)) -> -3.0310051 | AV102: =(F102-H102)/((F102*H102)^0.5) -> -0.63985911 | AW102: =Q102/H102 -> 0.45946516 | AX102: =((ATAN(AV102))^(-1))*3.14 -> -5.5163862 | AY102: =IF(AV102>0.1,"SUB-VERTICAL",IF(AV102<0,"SUB-HORIZONTAL","MERGULHO")) -> SUB-HORIZONTAL | AZ102: =IF(AV102>0.1,"1",IF(AV102<0,"2","3")) -> 2 | BA102: =(R102+S102)/2 -> 1.3171
A103: 5582.4501 | B103: 849.9286 | C103: 505.898 | D103: 779.5103 | E103: 574.7661 | F103: 556.697 | G103: 566.0853 | H103: 984.5167 | I103: =(1/(1/B103)+(1/M103)+(1/C103)+(1/N103)) -> 849.93381 | J103: =G103/145.9555 -> 3.8784787 | K103: =-LOG(AD103)-LOG(J103) -> 0.70206863 | L103: =(M103+N103+O103+B103+C103+D103)/6 -> 694.59162 | M103: 804.877 | N103: 501.876 | O103: 725.4598 | P103: 476.7614 | Q103: 429.5515 | R103: 2.4361 | S103: 0.2078 | T103: 21.845 | U103: -999 | V103: 5010.0239 | X103: 804.877 | Y103: 2784.9387 | Z103: -999 | AA103: -999 | AB103: =W103+$W$6*R103+$W$7*S103+$W$8*T103+$W$9*U103 -> -2166.4221 | AC103: 612.8176 | AD103: 0.0512 | AE103: 0.0512 | AF103: 0.0512 | AG103: 0.0501 | AH103: -999 | AI103: =Z103^(1-1.89) -> #NUM! | AJ103: =G103/H103 -> 0.57498801 | AK103: =ABS(AJ103-1) -> 0.42501199 | AL103: =F103/B103 -> 0.65499267 | AM103: =ABS(AL103-1) -> 0.34500733 | AO103: =((B103+Q103)/2)*(Z103^3)/((1-Z103)^2) -> -637822.75 | AP103: =Z103*AD103 -> -51.1488 | AQ103: =AR103/100 -> -9.99 | AR103: -999 | AT103: =(H103*Q103)*((1/Q103^2)-(1/I103^2)) -> 1.7065435 | AU103: =(2*H103*Q103)*((1/I103^2)-(1/Q103^2)) -> -3.4130871 | AV103: =(F103-H103)/((F103*H103)^0.5) -> -0.57788284 | AW103: =Q103/H103 -> 0.43630697 | AX103: =((ATAN(AV103))^(-1))*3.14 -> -5.992388 | AY103: =IF(AV103>0.1,"SUB-VERTICAL",IF(AV103<0,"SUB-HORIZONTAL","MERGULHO")) -> SUB-HORIZONTAL | AZ103: =IF(AV103>0.1,"1",IF(AV103<0,"2","3")) -> 2 | BA103: =(R103+S103)/2 -> 1.32195
A104: 5582.5263 | B104: 1161.3947 | C104: 654.9106 | D104: 975.6472 | E104: 714.118 | F104: 691.7594 | G104: 700.0919 | H104: 1194.3003 | I104: =(1/(1/B104)+(1/M104)+(1/C104)+(1/N104)) -> 1161.3991 | J104: =G104/145.9555 -> 4.796612 | K104: =-LOG(AD104)-LOG(J104) -> 0.60979545 | L104: =(M104+N104+O104+B104+C104+D104)/6 -> 850.88325 | M104: 947.7072 | N104: 556.5111 | O104: 809.1287 | P104: 511.533 | Q104: 496.9875 | R104: 2.4361 | S104: 0.2078 | T104: 21.845 | U104: -999 | V104: 5010.0239 | X104: 947.7072 | Y104: 2784.9387 | Z104: -999 | AA104: -999 | AB104: =W104+$W$6*R104+$W$7*S104+$W$8*T104+$W$9*U104 -> -2166.4221 | AC104: 612.8176 | AD104: 0.0512 | AE104: 0.0512 | AF104: 0.0512 | AG104: 0.0501 | AH104: -999 | AI104: =Z104^(1-1.89) -> #NUM! | AJ104: =G104/H104 -> 0.58619419 | AK104: =ABS(AJ104-1) -> 0.41380581 | AL104: =F104/B104 -> 0.59562817 | AM104: =ABS(AL104-1) -> 0.40437183 | AO104: =((B104+Q104)/2)*(Z104^3)/((1-Z104)^2) -> -826706.01 | AP104: =Z104*AD104 -> -51.1488 | AQ104: =AR104/100 -> -9.99 | AR104: -999 | AT104: =(H104*Q104)*((1/Q104^2)-(1/I104^2)) -> 1.9630352 | AU104: =(2*H104*Q104)*((1/I104^2)-(1/Q104^2)) -> -3.9260704 | AV104: =(F104-H104)/((F104*H104)^0.5) -> -0.55288793 | AW104: =Q104/H104 -> 0.41613278 | AX104: =((ATAN(AV104))^(-1))*3.14 -> -6.2171111 | AY104: =IF(AV104>0.1,"SUB-VERTICAL",IF(AV104<0,"SUB-HORIZONTAL","MERGULHO")) -> SUB-HORIZONTAL | AZ104: =IF(AV104>0.1,"1",IF(AV104<0,"2","3")) -> 2 | BA104: =(R104+S104)/2 -> 1.32195
A105: 5582.6025 | B105: 1522.4272 | C105: 694.8767 | D105: 1157.4481 | E105: 824.8038 | F105: 797.1466 | G105: 804.1201 | H105: 1413.1248 | I105: =(1/(1/B105)+(1/M105)+(1/C105)+(1/N105)) -> 1522.4311 | J105: =G105/145.9555 -> 5.5093511 | K105: =-LOG(AD105)-LOG(J105) -> 0.65037351 | L105: =(M105+N105+O105+B105+C105+D105)/6 -> 1005.6041 | M105: 1067.271 | N105: 657.3057 | O105: 934.2957 | P105: 580.3243 | Q105: 584.4708 | R105: 2.422 | S105: 0.2159 | T105: 19.6345 | U105: -999 | V105: 4780.6782 | X105: 1067.271 | Y105: 2743.4253 | Z105: -999 | AA105: -999 | AB105: =W105+$W$6*R105+$W$7*S105+$W$8*T105+$W$9*U105 -> -2165.139 | AC105: 751.3737 | AD105: 0.0406 | AE105: 0.0406 | AF105: 0.0433 | AG105: 0.0433 | AH105: -999 | AI105: =Z105^(1-1.89) -> #NUM! | AJ105: =G105/H105 -> 0.56903686 | AK105: =ABS(AJ105-1) -> 0.43096314 | AL105: =F105/B105 -> 0.52360244 | AM105: =ABS(AL105-1) -> 0.47639756 | AO105: =((B105+Q105)/2)*(Z105^3)/((1-Z105)^2) -> -1050291.8 | AP105: =Z105*AD105 -> -40.5594 | AQ105: =AR105/100 -> -9.99 | AR105: -999 | AT105: =(H105*Q105)*((1/Q105^2)-(1/I105^2)) -> 2.0614423 | AU105: =(2*H105*Q105)*((1/I105^2)-(1/Q105^2)) -> -4.1228845 | AV105: =(F105-H105)/((F105*H105)^0.5) -> -0.58037138 | AW105: =Q105/H105 -> 0.41360169 | AX105: =((ATAN(AV105))^(-1))*3.14 -> -5.9711524 | AY105: =IF(AV105>0.1,"SUB-VERTICAL",IF(AV105<0,"SUB-HORIZONTAL","MERGULHO")) -> SUB-HORIZONTAL | AZ105: =IF(AV105>0.1,"1",IF(AV105<0,"2","3")) -> 2 | BA105: =(R105+S105)/2 -> 1.31895
A106: 5582.6787 | B106: 1817.8593 | C106: 797.1878 | D106: 1392.6709 | E106: 987.8518 | F106: 949.0994 | G106: 964.1464 | H106: 1610.5852 | I106: =(1/(1/B106)+(1/M106)+(1/C106)+(1/N106)) -> 1817.8625 | J106: =G106/145.9555 -> 6.6057559 | K106: =-LOG(AD106)-LOG(J106) -> 0.57155145 | L106: =(M106+N106+O106+B106+C106+D106)/6 -> 1215.9496 | M106: 1316.5874 | N106: 837.5519 | O106: 1133.8402 | P106: 647.4431 | Q106: 724.0675 | R106: 2.422 | S106: 0.2159 | T106: 19.6345 | U106: -999 | V106: 4780.6782 | X106: 1316.5874 | Y106: 2743.4253 | Z106: -999 | AA106: -999 | AB106: =W106+$W$6*R106+$W$7*S106+$W$8*T106+$W$9*U106 -> -2165.139 | AC106: 751.3737 | AD106: 0.0406 | AE106: 0.0406 | AF106: 0.0433 | AG106: 0.0433 | AH106: -999 | AI106: =Z106^(1-1.89) -> #NUM! | AJ106: =G106/H106 -> 0.59863111 | AK106: =ABS(AJ106-1) -> 0.40136889 | AL106: =F106/B106 -> 0.52209728 | AM106: =ABS(AL106-1) -> 0.47790272 | AO106: =((B106+Q106)/2)*(Z106^3)/((1-Z106)^2) -> -1267154.3 | AP106: =Z106*AD106 -> -40.5594 | AQ106: =AR106/100 -> -9.99 | AR106: -999 | AT106: =(H106*Q106)*((1/Q106^2)-(1/I106^2)) -> 1.8714667 | AU106: =(2*H106*Q106)*((1/I106^2)-(1/Q106^2)) -> -3.7429334 | AV106: =(F106-H106)/((F106*H106)^0.5) -> -0.53502346 | AW106: =Q106/H106 -> 0.44956796 | AX106: =((ATAN(AV106))^(-1))*3.14 -> -6.3915681 | AY106: =IF(AV106>0.1,"SUB-VERTICAL",IF(AV106<0,"SUB-HORIZONTAL","MERGULHO")) -> SUB-HORIZONTAL | AZ106: =IF(AV106>0.1,"1",IF(AV106<0,"2","3")) -> 2 | BA106: =(R106+S106)/2 -> 1.31895
A107: 5582.7549 | B107: 1934.1796 | C107: 1008.3027 | D107: 1746.9451 | E107: 1385.1062 | F107: 1308.1849 | G107: 1335.8868 | H107: 1755.0193 | I107: =(1/(1/B107)+(1/M107)+(1/C107)+(1/N107)) -> 1934.1822 | J107: =G107/145.9555 -> 9.1526993 | K107: =-LOG(AD107)-LOG(J107) -> 0.51470434 | L107: =(M107+N107+O107+B107+C107+D107)/6 -> 1484.0887 | M107: 1626.4382 | N107: 1060.552 | O107: 1528.1146 | P107: 761.5264 | Q107: 995.4384 | R107: 2.4097 | S107: 0.2155 | T107: 20.1427 | U107: -999 | V107: 4546.4136 | X107: 1626.4382 | Y107: 2609.7981 | Z107: -999 | AA107: -999 | AB107: =W107+$W$6*R107+$W$7*S107+$W$8*T107+$W$9*U107 -> -2160.5102 | AC107: 803.2988 | AD107: 0.0334 | AE107: 0.0334 | AF107: 0.0369 | AG107: 0.0369 | AH107: -999 | AI107: =Z107^(1-1.89) -> #NUM! | AJ107: =G107/H107 -> 0.76118069 | AK107: =ABS(AJ107-1) -> 0.23881931 | AL107: =F107/B107 -> 0.67635131 | AM107: =ABS(AL107-1) -> 0.32364869 | AO107: =((B107+Q107)/2)*(Z107^3)/((1-Z107)^2) -> -1460419 | AP107: =Z107*AD107 -> -33.3666 | AQ107: =AR107/100 -> -9.99 | AR107: -999 | AT107: =(H107*Q107)*((1/Q107^2)-(1/I107^2)) -> 1.2960782 | AU107: =(2*H107*Q107)*((1/I107^2)-(1/Q107^2)) -> -2.5921563 | AV107: =(F107-H107)/((F107*H107)^0.5) -> -0.2948975 | AW107: =Q107/H107 -> 0.56719513 | AX107: =((ATAN(AV107))^(-1))*3.14 -> -10.949578 | AY107: =IF(AV107>0.1,"SUB-VERTICAL",IF(AV107<0,"SUB-HORIZONTAL","MERGULHO")) -> SUB-HORIZONTAL | AZ107: =IF(AV107>0.1,"1",IF(AV107<0,"2","3")) -> 2 | BA107: =(R107+S107)/2 -> 1.3126
A108: 5582.8311 | B108: 1949.9945 | C108: 1214.2714 | D108: 1923.6234 | E108: 1613.3413 | F108: 1526.7588 | G108: 1535.1051 | H108: 1853.6932 | I108: =(1/(1/B108)+(1/M108)+(1/C108)+(1/N108)) -> 1949.9967 | J108: =G108/145.9555 -> 10.517624 | K108: =-LOG(AD108)-LOG(J108) -> 0.45433588 | L108: =(M108+N108+O108+B108+C108+D108)/6 -> 1667.3033 | M108: 1856.6827 | N108: 1220.4565 | O108: 1838.7911 | P108: 936.5778 | Q108: 1299.1587 | R108: 2.4097 | S108: 0.2155 | T108: 20.1427 | U108: -999 | V108: 4546.4136 | X108: 1856.6827 | Y108: 2609.7981 | Z108: -999 | AA108: -999 | AB108: =W108+$W$6*R108+$W$7*S108+$W$8*T108+$W$9*U108 -> -2160.5102 | AC108: 803.2988 | AD108: 0.0334 | AE108: 0.0334 | AF108: 0.0369 | AG108: 0.0369 | AH108: -999 | AI108: =Z108^(1-1.89) -> #NUM! | AJ108: =G108/H108 -> 0.82813332 | AK108: =ABS(AJ108-1) -> 0.17186668 | AL108: =F108/B108 -> 0.78295544 | AM108: =ABS(AL108-1) -> 0.21704456 | AO108: =((B108+Q108)/2)*(Z108^3)/((1-Z108)^2) -> -1619707.7 | AP108: =Z108*AD108 -> -33.3666 | AQ108: =AR108/100 -> -9.99 | AR108: -999 | AT108: =(H108*Q108)*((1/Q108^2)-(1/I108^2)) -> 0.79350794 | AU108: =(2*H108*Q108)*((1/I108^2)-(1/Q108^2)) -> -1.5870159 | AV108: =(F108-H108)/((F108*H108)^0.5) -> -0.19433744 | AW108: =Q108/H108 -> 0.70084882 | AX108: =((ATAN(AV108))^(-1))*3.14 -> -16.358861 | AY108: =IF(AV108>0.1,"SUB-VERTICAL",IF(AV108<0,"SUB-HORIZONTAL","MERGULHO")) -> SUB-HORIZONTAL | AZ108: =IF(AV108>0.1,"1",IF(AV108<0,"2","3")) -> 2 | BA108: =(R108+S108)/2 -> 1.3126
A109: 5582.9073 | B109: 1950 | C109: 1398.0919 | D109: 1949.991 | E109: 1449.2954 | F109: 1397.9821 | G109: 1396.2733 | H109: 1906.4534 | I109: =(1/(1/B109)+(1/M109)+(1/C109)+(1/N109)) -> 1950.002 | J109: =G109/145.9555 -> 9.5664315 | K109: =-LOG(AD109)-LOG(J109) -> 0.52648964 | L109: =(M109+N109+O109+B109+C109+D109)/6 -> 1755.1317 | M109: 1939.3599 | N109: 1354.8794 | O109: 1938.4679 | P109: 1075.1718 | Q109: 1526.2834 | R109: 2.404 | S109: 0.2092 | T109: 22.4818 | U109: 4.3539 | V109: 4328.8047 | X109: 1939.3599 | Y109: 2449.6892 | Z109: 0.159 | AA109: 342 | AB109: =W109+$W$6*R109+$W$7*S109+$W$8*T109+$W$9*U109 -> -1122.9443 | AC109: -999 | AD109: 0.0311 | AE109: 0.0311 | AF109: 0.0318 | AG109: 0.0318 | AH109: 4.3539 | AI109: =Z109^(1-1.89) -> 5.1375559 | AJ109: =G109/H109 -> 0.73239309 | AK109: =ABS(AJ109-1) -> 0.26760691 | AL109: =F109/B109 -> 0.7169139 | AM109: =ABS(AL109-1) -> 0.2830861 | AO109: =((B109+Q109)/2)*(Z109^3)/((1-Z109)^2) -> 9.8783534 | AP109: =Z109*AD109 -> 0.0049449 | AQ109: =AR109/100 -> 0.00159 | AR109: 0.159 | AS109: 0.48 | AT109: =(H109*Q109)*((1/Q109^2)-(1/I109^2)) -> 0.48385344 | AU109: =(2*H109*Q109)*((1/I109^2)-(1/Q109^2)) -> -0.96770688 | AV109: =(F109-H109)/((F109*H109)^0.5) -> -0.31146019 | AW109: =Q109/H109 -> 0.80058783 | AX109: =((ATAN(AV109))^(-1))*3.14 -> -10.399511 | AY109: =IF(AV109>0.1,"SUB-VERTICAL",IF(AV109<0,"SUB-HORIZONTAL","MERGULHO")) -> SUB-HORIZONTAL | AZ109: =IF(AV109>0.1,"1",IF(AV109<0,"2","3")) -> 2 | BA109: =(R109+S109)/2 -> 1.3066
A110: 5582.9835 | B110: 1950 | C110: 1567.1659 | D110: 1950 | E110: 1288.6343 | F110: 1264.4655 | G110: 1258.3981 | H110: 1930.9105 | I110: =(1/(1/B110)+(1/M110)+(1/C110)+(1/N110)) -> 1950.0018 | J110: =G110/145.9555 -> 8.6217929 | K110: =-LOG(AD110)-LOG(J110) -> 0.57164202 | L110: =(M110+N110+O110+B110+C110+D110)/6 -> 1809.1063 | M110: 1949.9965 | N110: 1487.5476 | O110: 1949.9276 | P110: 1209.9734 | Q110: 1672.6998 | R110: 2.404 | S110: 0.2092 | T110: 22.4818 | U110: 4.3539 | V110: 4328.8047 | X110: 1949.9965 | Y110: 2449.6892 | Z110: 0.159 | AA110: 342 | AB110: =W110+$W$6*R110+$W$7*S110+$W$8*T110+$W$9*U110 -> -1122.9443 | AC110: -999 | AD110: 0.0311 | AE110: 0.0311 | AF110: 0.0318 | AG110: 0.0318 | AH110: 4.3539 | AI110: =Z110^(1-1.89) -> 5.1375559 | AJ110: =G110/H110 -> 0.65171229 | AK110: =ABS(AJ110-1) -> 0.34828771 | AL110: =F110/B110 -> 0.64844385 | AM110: =ABS(AL110-1) -> 0.35155615 | AO110: =((B110+Q110)/2)*(Z110^3)/((1-Z110)^2) -> 10.294416 | AP110: =Z110*AD110 -> 0.0049449 | AQ110: =AR110/100 -> 0.00159 | AR110: 0.159 | AS110: 0.3 | AT110: =(H110*Q110)*((1/Q110^2)-(1/I110^2)) -> 0.30497182 | AU110: =(2*H110*Q110)*((1/I110^2)-(1/Q110^2)) -> -0.60994364 | AV110: =(F110-H110)/((F110*H110)^0.5) -> -0.42651052 | AW110: =Q110/H110 -> 0.86627516 | AX110: =((ATAN(AV110))^(-1))*3.14 -> -7.7886763 | AY110: =IF(AV110>0.1,"SUB-VERTICAL",IF(AV110<0,"SUB-HORIZONTAL","MERGULHO")) -> SUB-HORIZONTAL | AZ110: =IF(AV110>0.1,"1",IF(AV110<0,"2","3")) -> 2 | BA110: =(R110+S110)/2 -> 1.3066
A111: 5583.0597 | B111: 1950 | C111: 1705.3448 | D111: 1950 | E111: 1161.6425 | F111: 1147.6313 | G111: 1144.0953 | H111: 1944.5005 | I111: =(1/(1/B111)+(1/M111)+(1/C111)+(1/N111)) -> 1950.0017 | J111: =G111/145.9555 -> 7.8386584 | K111: =-LOG(AD111)-LOG(J111) -> 0.56417902 | L111: =(M111+N111+O111+B111+C111+D111)/6 -> 1851.5095 | M111: 1950 | N111: 1603.7122 | O111: 1950 | P111: 1332.0873 | Q111: 1775.7462 | R111: 2.4082 | S111: 0.2089 | T111: 27.7116 | U111: -999 | V111: 4188.8999 | X111: 1950 | Y111: 2343.897 | Z111: -999 | AA111: -999 | AB111: =W111+$W$6*R111+$W$7*S111+$W$8*T111+$W$9*U111 -> -2162.1236 | AC111: 703.2303 | AD111: 0.0348 | AE111: 0.0348 | AF111: 0.0349 | AG111: 0.0285 | AH111: -999 | AI111: =Z111^(1-1.89) -> #NUM! | AJ111: =G111/H111 -> 0.58837491 | AK111: =ABS(AJ111-1) -> 0.41162509 | AL111: =F111/B111 -> 0.58852887 | AM111: =ABS(AL111-1) -> 0.41147113 | AO111: =((B111+Q111)/2)*(Z111^3)/((1-Z111)^2) -> -1857290.1 | AP111: =Z111*AD111 -> -34.7652 | AQ111: =AR111/100 -> -9.99 | AR111: -999 | AT111: =(H111*Q111)*((1/Q111^2)-(1/I111^2)) -> 0.18696366 | AU111: =(2*H111*Q111)*((1/I111^2)-(1/Q111^2)) -> -0.37392731 | AV111: =(F111-H111)/((F111*H111)^0.5) -> -0.53343538 | AW111: =Q111/H111 -> 0.91321458 | AX111: =((ATAN(AV111))^(-1))*3.14 -> -6.4076824 | AY111: =IF(AV111>0.1,"SUB-VERTICAL",IF(AV111<0,"SUB-HORIZONTAL","MERGULHO")) -> SUB-HORIZONTAL | AZ111: =IF(AV111>0.1,"1",IF(AV111<0,"2","3")) -> 2 | BA111: =(R111+S111)/2 -> 1.30855
A112: 5583.1359 | B112: 1950 | C112: 1793.8849 | D112: 1950 | E112: 1047.3472 | F112: 1038.7965 | G112: 1041.7142 | H112: 1949.3639 | I112: =(1/(1/B112)+(1/M112)+(1/C112)+(1/N112)) -> 1950.0017 | J112: =G112/145.9555 -> 7.1372041 | K112: =-LOG(AD112)-LOG(J112) -> 0.60489264 | L112: =(M112+N112+O112+B112+C112+D112)/6 -> 1881.4965 | M112: 1950 | N112: 1695.0939 | O112: 1950 | P112: 1438.6704 | Q112: 1855.9045 | R112: 2.4082 | S112: 0.2089 | T112: 27.7116 | U112: -999 | V112: 4188.8999 | X112: 1950 | Y112: 2343.897 | Z112: -999 | AA112: -999 | AB112: =W112+$W$6*R112+$W$7*S112+$W$8*T112+$W$9*U112 -> -2162.1236 | AC112: 703.2303 | AD112: 0.0348 | AE112: 0.0348 | AF112: 0.0349 | AG112: 0.0285 | AH112: -999 | AI112: =Z112^(1-1.89) -> #NUM! | AJ112: =G112/H112 -> 0.53438673 | AK112: =ABS(AJ112-1) -> 0.46561327 | AL112: =F112/B112 -> 0.53271615 | AM112: =ABS(AL112-1) -> 0.46728385 | AO112: =((B112+Q112)/2)*(Z112^3)/((1-Z112)^2) -> -1897249.1 | AP112: =Z112*AD112 -> -34.7652 | AQ112: =AR112/100 -> -9.99 | AR112: -999 | AT112: =(H112*Q112)*((1/Q112^2)-(1/I112^2)) -> 0.098924058 | AU112: =(2*H112*Q112)*((1/I112^2)-(1/Q112^2)) -> -0.19784812 | AV112: =(F112-H112)/((F112*H112)^0.5) -> -0.63988275 | AW112: =Q112/H112 -> 0.95205646 | AX112: =((ATAN(AV112))^(-1))*3.14 -> -5.5162236 | AY112: =IF(AV112>0.1,"SUB-VERTICAL",IF(AV112<0,"SUB-HORIZONTAL","MERGULHO")) -> SUB-HORIZONTAL | AZ112: =IF(AV112>0.1,"1",IF(AV112<0,"2","3")) -> 2 | BA112: =(R112+S112)/2 -> 1.30855
A113: 5583.2121 | B113: 1950 | C113: 1822.3361 | D113: 1950 | E113: 971.3132 | F113: 967.5668 | G113: 964.087 | H113: 1949.9999 | I113: =(1/(1/B113)+(1/M113)+(1/C113)+(1/N113)) -> 1950.0016 | J113: =G113/145.9555 -> 6.6053489 | K113: =-LOG(AD113)-LOG(J113) -> 0.58571169 | L113: =(M113+N113+O113+B113+C113+D113)/6 -> 1897.2149 | M113: 1950 | N113: 1760.953 | O113: 1950 | P113: 1541.9169 | Q113: 1912.8177 | R113: 2.4246 | S113: 0.206 | T113: 31.9045 | U113: 4.8764 | V113: 4099.6406 | X113: 1950 | Y113: 2280.3704 | Z113: 0.138 | AA113: 9.14 | AB113: =W113+$W$6*R113+$W$7*S113+$W$8*T113+$W$9*U113 -> -1137.1635 | AC113: 612.8829 | AD113: 0.0393 | AE113: 0.0393 | AF113: 0.0393 | AG113: 0.0279 | AH113: 4.8764 | AI113: =Z113^(1-1.89) -> 5.8278399 | AJ113: =G113/H113 -> 0.49440362 | AK113: =ABS(AJ113-1) -> 0.50559638 | AL113: =F113/B113 -> 0.4961881 | AM113: =ABS(AL113-1) -> 0.5038119 | AO113: =((B113+Q113)/2)*(Z113^3)/((1-Z113)^2) -> 6.8311991 | AP113: =Z113*AD113 -> 0.0054234 | AQ113: =AR113/100 -> 0.00138 | AR113: 0.138 | AS113: 0.03 | AT113: =(H113*Q113)*((1/Q113^2)-(1/I113^2)) -> 0.03850798 | AU113: =(2*H113*Q113)*((1/I113^2)-(1/Q113^2)) -> -0.07701596 | AV113: =(F113-H113)/((F113*H113)^0.5) -> -0.71522916 | AW113: =Q113/H113 -> 0.9809322 | AX113: =((ATAN(AV113))^(-1))*3.14 -> -5.0573875 | AY113: =IF(AV113>0.1,"SUB-VERTICAL",IF(AV113<0,"SUB-HORIZONTAL","MERGULHO")) -> SUB-HORIZONTAL | AZ113: =IF(AV113>0.1,"1",IF(AV113<0,"2","3")) -> 2 | BA113: =(R113+S113)/2 -> 1.3153
A114: 5583.2883 | B114: 1950 | C114: 1791.5626 | D114: 1950 | E114: 918.4639 | F114: 918.4962 | G114: 910.6187 | H114: 1950 | I114: =(1/(1/B114)+(1/M114)+(1/C114)+(1/N114)) -> 1950.0016 | J114: =G114/145.9555 -> 6.239016 | K114: =-LOG(AD114)-LOG(J114) -> 0.61049135 | L114: =(M114+N114+O114+B114+C114+D114)/6 -> 1898.9846 | M114: 1950 | N114: 1802.3451 | O114: 1950 | P114: 1644.5336 | Q114: 1941.3616 | R114: 2.4246 | S114: 0.206 | T114: 31.9045 | U114: 4.8764 | V114: 4099.6406 | X114: 1950 | Y114: 2280.3704 | Z114: 0.138 | AA114: 9.14 | AB114: =W114+$W$6*R114+$W$7*S114+$W$8*T114+$W$9*U114 -> -1137.1635 | AC114: 612.8829 | AD114: 0.0393 | AE114: 0.0393 | AF114: 0.0393 | AG114: 0.0279 | AH114: 4.8764 | AI114: =Z114^(1-1.89) -> 5.8278399 | AJ114: =G114/H114 -> 0.46698395 | AK114: =ABS(AJ114-1) -> 0.53301605 | AL114: =F114/B114 -> 0.47102369 | AM114: =ABS(AL114-1) -> 0.52897631 | AO114: =((B114+Q114)/2)*(Z114^3)/((1-Z114)^2) -> 6.8816776 | AP114: =Z114*AD114 -> 0.0054234 | AQ114: =AR114/100 -> 0.00138 | AR114: 0.138 | AS114: 0.008 | AT114: =(H114*Q114)*((1/Q114^2)-(1/I114^2)) -> 0.0088812693 | AU114: =(2*H114*Q114)*((1/I114^2)-(1/Q114^2)) -> -0.017762539 | AV114: =(F114-H114)/((F114*H114)^0.5) -> -0.77075233 | AW114: =Q114/H114 -> 0.99557005 | AX114: =((ATAN(AV114))^(-1))*3.14 -> -4.7818411 | AY114: =IF(AV114>0.1,"SUB-VERTICAL",IF(AV114<0,"SUB-HORIZONTAL","MERGULHO")) -> SUB-HORIZONTAL | AZ114: =IF(AV114>0.1,"1",IF(AV114<0,"2","3")) -> 2 | BA114: =(R114+S114)/2 -> 1.3153
A115: 5583.3645 | B115: 1950 | C115: 1710.8855 | D115: 1950 | E115: 860.1507 | F115: 862.6205 | G115: 857.003 | H115: 1950 | I115: =(1/(1/B115)+(1/M115)+(1/C115)+(1/N115)) -> 1950.0016 | J115: =G115/145.9555 -> 5.8716732 | K115: =-LOG(AD115)-LOG(J115) -> 0.61214479 | L115: =(M115+N115+O115+B115+C115+D115)/6 -> 1888.7113 | M115: 1950 | N115: 1821.3824 | O115: 1950 | P115: 1754.1588 | Q115: 1949.1624 | R115: 2.4474 | S115: 0.2107 | T115: 31.9571 | U115: -999 | V115: 4092.3362 | X115: 1950 | Y115: 2270.2898 | Z115: -999 | AA115: -999 | AB115: =W115+$W$6*R115+$W$7*S115+$W$8*T115+$W$9*U115 -> -2183.0336 | AC115: 582.3699 | AD115: 0.0416 | AE115: 0.0416 | AF115: 0.0416 | AG115: 0.0279 | AH115: -999 | AI115: =Z115^(1-1.89) -> #NUM! | AJ115: =G115/H115 -> 0.43948872 | AK115: =ABS(AJ115-1) -> 0.56051128 | AL115: =F115/B115 -> 0.44236949 | AM115: =ABS(AL115-1) -> 0.55763051 | AO115: =((B115+Q115)/2)*(Z115^3)/((1-Z115)^2) -> -1943738.3 | AP115: =Z115*AD115 -> -41.5584 | AQ115: =AR115/100 -> -9.99 | AR115: -999 | AT115: =(H115*Q115)*((1/Q115^2)-(1/I115^2)) -> 0.00086094934 | AU115: =(2*H115*Q115)*((1/I115^2)-(1/Q115^2)) -> -0.0017218987 | AV115: =(F115-H115)/((F115*H115)^0.5) -> -0.83840517 | AW115: =Q115/H115 -> 0.99957046 | AX115: =((ATAN(AV115))^(-1))*3.14 -> -4.5003466 | AY115: =IF(AV115>0.1,"SUB-VERTICAL",IF(AV115<0,"SUB-HORIZONTAL","MERGULHO")) -> SUB-HORIZONTAL | AZ115: =IF(AV115>0.1,"1",IF(AV115<0,"2","3")) -> 2 | BA115: =(R115+S115)/2 -> 1.32905
A116: 5583.4407 | B116: 1950 | C116: 1600.5769 | D116: 1950 | E116: 832.3177 | F116: 837.3654 | G116: 828.1232 | H116: 1950 | I116: =(1/(1/B116)+(1/M116)+(1/C116)+(1/N116)) -> 1950.0017 | J116: =G116/145.9555 -> 5.6738061 | K116: =-LOG(AD116)-LOG(J116) -> 0.62703218 | L116: =(M116+N116+O116+B116+C116+D116)/6 -> 1870.318 | M116: 1950 | N116: 1821.3309 | O116: 1950 | P116: 1831.6625 | Q116: 1949.9998 | R116: 2.4474 | S116: 0.2107 | T116: 31.9571 | U116: -999 | V116: 4092.3362 | X116: 1950 | Y116: 2270.2898 | Z116: -999 | AA116: -999 | AB116: =W116+$W$6*R116+$W$7*S116+$W$8*T116+$W$9*U116 -> -2183.0336 | AC116: 582.3699 | AD116: 0.0416 | AE116: 0.0416 | AF116: 0.0416 | AG116: 0.0279 | AH116: -999 | AI116: =Z116^(1-1.89) -> #NUM! | AJ116: =G116/H116 -> 0.42467856 | AK116: =ABS(AJ116-1) -> 0.57532144 | AL116: =F116/B116 -> 0.42941815 | AM116: =ABS(AL116-1) -> 0.57058185 | AO116: =((B116+Q116)/2)*(Z116^3)/((1-Z116)^2) -> -1944155.7 | AP116: =Z116*AD116 -> -41.5584 | AQ116: =AR116/100 -> -9.99 | AR116: -999 | AT116: =(H116*Q116)*((1/Q116^2)-(1/I116^2)) -> 1.9350174e-06 | AU116: =(2*H116*Q116)*((1/I116^2)-(1/Q116^2)) -> -3.8700348e-06 | AV116: =(F116-H116)/((F116*H116)^0.5) -> -0.87071846 | AW116: =Q116/H116 -> 0.9999999 | AX116: =((ATAN(AV116))^(-1))*3.14 -> -4.3830268 | AY116: =IF(AV116>0.1,"SUB-VERTICAL",IF(AV116<0,"SUB-HORIZONTAL","MERGULHO")) -> SUB-HORIZONTAL | AZ116: =IF(AV116>0.1,"1",IF(AV116<0,"2","3")) -> 2 | BA116: =(R116+S116)/2 -> 1.32905
A117: 5583.5169 | B117: 1950 | C117: 1486.1318 | D117: 1950 | E117: 809.4394 | F117: 816.658 | G117: 807.5306 | H117: 1942.9189 | I117: =(1/(1/B117)+(1/M117)+(1/C117)+(1/N117)) -> 1950.0017 | J117: =G117/145.9555 -> 5.5327178 | K117: =-LOG(AD117)-LOG(J117) -> 0.61757499 | L117: =(M117+N117+O117+B117+C117+D117)/6 -> 1848.6767 | M117: 1950 | N117: 1805.9285 | O117: 1950 | P117: 1882.2762 | Q117: 1950 | R117: 2.4575 | S117: 0.2138 | T117: 28.8058 | U117: 4.7932 | V117: 4149.6416 | X117: 1950 | Y117: 2276.2642 | Z117: 0.141 | AA117: 18.9 | AB117: =W117+$W$6*R117+$W$7*S117+$W$8*T117+$W$9*U117 -> -1153.2413 | AC117: 480.4535 | AD117: 0.0436 | AE117: 0.0436 | AF117: 0.0436 | AG117: 0.0279 | AH117: 4.7932 | AI117: =Z117^(1-1.89) -> 5.7173528 | AJ117: =G117/H117 -> 0.41562754 | AK117: =ABS(AJ117-1) -> 0.58437246 | AL117: =F117/B117 -> 0.41879897 | AM117: =ABS(AL117-1) -> 0.58120103 | AO117: =((B117+Q117)/2)*(Z117^3)/((1-Z117)^2) -> 7.4080793 | AP117: =Z117*AD117 -> 0.0061476 | AQ117: =AR117/100 -> 0.00141 | AR117: 0.141 | AT117: =(H117*Q117)*((1/Q117^2)-(1/I117^2)) -> 1.7775603e-06 | AU117: =(2*H117*Q117)*((1/I117^2)-(1/Q117^2)) -> -3.5551206e-06 | AV117: =(F117-H117)/((F117*H117)^0.5) -> -0.89411125 | AW117: =Q117/H117 -> 1.0036446 | AX117: =((ATAN(AV117))^(-1))*3.14 -> -4.3040106 | AY117: =IF(AV117>0.1,"SUB-VERTICAL",IF(AV117<0,"SUB-HORIZONTAL","MERGULHO")) -> SUB-HORIZONTAL | AZ117: =IF(AV117>0.1,"1",IF(AV117<0,"2","3")) -> 2 | BA117: =(R117+S117)/2 -> 1.33565
A118: 5583.5931 | B118: 1950 | C118: 1340.4679 | D118: 1800.3269 | E118: 754.5225 | F118: 761.9662 | G118: 756.8547 | H118: 1929.6539 | I118: =(1/(1/B118)+(1/M118)+(1/C118)+(1/N118)) -> 1950.0018 | J118: =G118/145.9555 -> 5.1855168 | K118: =-LOG(AD118)-LOG(J118) -> 0.64572146 | L118: =(M118+N118+O118+B118+C118+D118)/6 -> 1795.0057 | M118: 1950 | N118: 1779.2396 | O118: 1950 | P118: 1924.2114 | Q118: 1950 | R118: 2.4575 | S118: 0.2138 | T118: 28.8058 | U118: 4.7932 | V118: 4149.6416 | X118: 1950 | Y118: 2276.2642 | Z118: 0.141 | AA118: 18.9 | AB118: =W118+$W$6*R118+$W$7*S118+$W$8*T118+$W$9*U118 -> -1153.2413 | AC118: 480.4535 | AD118: 0.0436 | AE118: 0.0436 | AF118: 0.0436 | AG118: 0.0279 | AH118: 4.7932 | AI118: =Z118^(1-1.89) -> 5.7173528 | AJ118: =G118/H118 -> 0.39222303 | AK118: =ABS(AJ118-1) -> 0.60777697 | AL118: =F118/B118 -> 0.3907519 | AM118: =ABS(AL118-1) -> 0.6092481 | AO118: =((B118+Q118)/2)*(Z118^3)/((1-Z118)^2) -> 7.4080793 | AP118: =Z118*AD118 -> 0.0061476 | AQ118: =AR118/100 -> 0.00141 | AR118: 0.141 | AT118: =(H118*Q118)*((1/Q118^2)-(1/I118^2)) -> 1.8480669e-06 | AU118: =(2*H118*Q118)*((1/I118^2)-(1/Q118^2)) -> -3.6961339e-06 | AV118: =(F118-H118)/((F118*H118)^0.5) -> -0.96298416 | AW118: =Q118/H118 -> 1.0105439 | AX118: =((ATAN(AV118))^(-1))*3.14 -> -4.0963104 | AY118: =IF(AV118>0.1,"SUB-VERTICAL",IF(AV118<0,"SUB-HORIZONTAL","MERGULHO")) -> SUB-HORIZONTAL | AZ118: =IF(AV118>0.1,"1",IF(AV118<0,"2","3")) -> 2 | BA118: =(R118+S118)/2 -> 1.33565
A119: 5583.6693 | B119: 1950 | C119: 1281.3265 | D119: 1828.9279 | E119: 720.4268 | F119: 727.886 | G119: 725.2305 | H119: 1913.8644 | I119: =(1/(1/B119)+(1/M119)+(1/C119)+(1/N119)) -> 1950.0019 | J119: =G119/145.9555 -> 4.9688467 | K119: =-LOG(AD119)-LOG(J119) -> 0.65440955 | L119: =(M119+N119+O119+B119+C119+D119)/6 -> 1784.2992 | M119: 1950 | N119: 1745.5408 | O119: 1950 | P119: 1945.0414 | Q119: 1950 | R119: 2.4457 | S119: 0.21 | T119: 24.7323 | U119: -999 | V119: 4123.1909 | X119: 1950 | Y119: 2260.4485 | Z119: -999 | AA119: -999 | AB119: =W119+$W$6*R119+$W$7*S119+$W$8*T119+$W$9*U119 -> -2174.7412 | AC119: -999 | AD119: 0.0446 | AE119: 0.0446 | AF119: 0.0446 | AG119: 0.0279 | AH119: -999 | AI119: =Z119^(1-1.89) -> #NUM! | AJ119: =G119/H119 -> 0.37893515 | AK119: =ABS(AJ119-1) -> 0.62106485 | AL119: =F119/B119 -> 0.37327487 | AM119: =ABS(AL119-1) -> 0.62672513 | AO119: =((B119+Q119)/2)*(Z119^3)/((1-Z119)^2) -> -1944155.8 | AP119: =Z119*AD119 -> -44.5554 | AQ119: =AR119/100 -> -9.99 | AR119: -999 | AT119: =(H119*Q119)*((1/Q119^2)-(1/I119^2)) -> 1.8785289e-06 | AU119: =(2*H119*Q119)*((1/I119^2)-(1/Q119^2)) -> -3.7570578e-06 | AV119: =(F119-H119)/((F119*H119)^0.5) -> -1.0048229 | AW119: =Q119/H119 -> 1.018881 | AX119: =((ATAN(AV119))^(-1))*3.14 -> -3.985764 | AY119: =IF(AV119>0.1,"SUB-VERTICAL",IF(AV119<0,"SUB-HORIZONTAL","MERGULHO")) -> SUB-HORIZONTAL | AZ119: =IF(AV119>0.1,"1",IF(AV119<0,"2","3")) -> 2 | BA119: =(R119+S119)/2 -> 1.32785
A120: 5583.7455 | B120: 1950 | C120: 1239.4127 | D120: 1894.3281 | E120: 782.345 | F120: 793.607 | G120: 792.4294 | H120: 1900.5077 | I120: =(1/(1/B120)+(1/M120)+(1/C120)+(1/N120)) -> 1950.0019 | J120: =G120/145.9555 -> 5.4292534 | K120: =-LOG(AD120)-LOG(J120) -> 0.61592503 | L120: =(M120+N120+O120+B120+C120+D120)/6 -> 1782.1254 | M120: 1950 | N120: 1709.0118 | O120: 1950 | P120: 1949.6449 | Q120: 1950 | R120: 2.4457 | S120: 0.21 | T120: 24.7323 | U120: -999 | V120: 4123.1909 | X120: 1950 | Y120: 2260.4485 | Z120: -999 | AA120: -999 | AB120: =W120+$W$6*R120+$W$7*S120+$W$8*T120+$W$9*U120 -> -2174.7412 | AC120: -999 | AD120: 0.0446 | AE120: 0.0446 | AF120: 0.0446 | AG120: 0.0279 | AH120: -999 | AI120: =Z120^(1-1.89) -> #NUM! | AJ120: =G120/H120 -> 0.41695669 | AK120: =ABS(AJ120-1) -> 0.58304331 | AL120: =F120/B120 -> 0.40697795 | AM120: =ABS(AL120-1) -> 0.59302205 | AO120: =((B120+Q120)/2)*(Z120^3)/((1-Z120)^2) -> -1944155.8 | AP120: =Z120*AD120 -> -44.5554 | AQ120: =AR120/100 -> -9.99 | AR120: -999 | AT120: =(H120*Q120)*((1/Q120^2)-(1/I120^2)) -> 1.9040413e-06 | AU120: =(2*H120*Q120)*((1/I120^2)-(1/Q120^2)) -> -3.8080825e-06 | AV120: =(F120-H120)/((F120*H120)^0.5) -> -0.90130359 | AW120: =Q120/H120 -> 1.0260416 | AX120: =((ATAN(AV120))^(-1))*3.14 -> -4.2806419 | AY120: =IF(AV120>0.1,"SUB-VERTICAL",IF(AV120<0,"SUB-HORIZONTAL","MERGULHO")) -> SUB-HORIZONTAL | AZ120: =IF(AV120>0.1,"1",IF(AV120<0,"2","3")) -> 2 | BA120: =(R120+S120)/2 -> 1.32785
A121: 5583.8217 | B121: 1950 | C121: 1212.1858 | D121: 1930.8569 | E121: 922.621 | F121: 943.267 | G121: 918.678 | H121: 1905.5337 | I121: =(1/(1/B121)+(1/M121)+(1/C121)+(1/N121)) -> 1950.0019 | J121: =G121/145.9555 -> 6.2942335 | K121: =-LOG(AD121)-LOG(J121) -> 0.57677505 | L121: =(M121+N121+O121+B121+C121+D121)/6 -> 1777.7535 | M121: 1950 | N121: 1673.4783 | O121: 1950 | P121: 1949.2823 | Q121: 1950 | R121: 2.4234 | S121: 0.1979 | T121: 23.8064 | U121: 8.4903 | V121: 4115.0781 | X121: 1950 | Y121: 2229.741 | Z121: 0.069 | AA121: 0.94 | AB121: =W121+$W$6*R121+$W$7*S121+$W$8*T121+$W$9*U121 -> -1118.6487 | AC121: 351.224 | AD121: 0.0421 | AE121: 0.0421 | AF121: 0.0421 | AG121: 0.0286 | AH121: 8.4903 | AI121: =Z121^(1-1.89) -> 10.800014 | AJ121: =G121/H121 -> 0.4821106 | AK121: =ABS(AJ121-1) -> 0.5178894 | AL121: =F121/B121 -> 0.48372667 | AM121: =ABS(AL121-1) -> 0.51627333 | AO121: =((B121+Q121)/2)*(Z121^3)/((1-Z121)^2) -> 0.73906481 | AP121: =Z121*AD121 -> 0.0029049 | AQ121: =AR121/100 -> 0.00069 | AR121: 0.069 | AT121: =(H121*Q121)*((1/Q121^2)-(1/I121^2)) -> 1.939692e-06 | AU121: =(2*H121*Q121)*((1/I121^2)-(1/Q121^2)) -> -3.8793839e-06 | AV121: =(F121-H121)/((F121*H121)^0.5) -> -0.71774441 | AW121: =Q121/H121 -> 1.0233354 | AX121: =((ATAN(AV121))^(-1))*3.14 -> -5.0438853 | AY121: =IF(AV121>0.1,"SUB-VERTICAL",IF(AV121<0,"SUB-HORIZONTAL","MERGULHO")) -> SUB-HORIZONTAL | AZ121: =IF(AV121>0.1,"1",IF(AV121<0,"2","3")) -> 2 | BA121: =(R121+S121)/2 -> 1.31065
A122: 5583.8979 | B122: 1950 | C122: 1175.2739 | D122: 1947.2118 | E122: 1024.8705 | F122: 1056.0549 | G122: 1014.4241 | H122: 1926.6924 | I122: =(1/(1/B122)+(1/M122)+(1/C122)+(1/N122)) -> 1950.002 | J122: =G122/145.9555 -> 6.9502287 | K122: =-LOG(AD122)-LOG(J122) -> 0.53371881 | L122: =(M122+N122+O122+B122+C122+D122)/6 -> 1769.1067 | M122: 1950 | N122: 1642.1543 | O122: 1950 | P122: 1885.8533 | Q122: 1779.7429 | R122: 2.4234 | S122: 0.1979 | T122: 23.8064 | U122: 8.4903 | V122: 4115.0781 | X122: 1950 | Y122: 2229.741 | Z122: 0.069 | AA122: 0.94 | AB122: =W122+$W$6*R122+$W$7*S122+$W$8*T122+$W$9*U122 -> -1118.6487 | AC122: 351.224 | AD122: 0.0421 | AE122: 0.0421 | AF122: 0.0421 | AG122: 0.0286 | AH122: 8.4903 | AI122: =Z122^(1-1.89) -> 10.800014 | AJ122: =G122/H122 -> 0.52651067 | AK122: =ABS(AJ122-1) -> 0.47348933 | AL122: =F122/B122 -> 0.54156662 | AM122: =ABS(AL122-1) -> 0.45843338 | AO122: =((B122+Q122)/2)*(Z122^3)/((1-Z122)^2) -> 0.70680044 | AP122: =Z122*AD122 -> 0.0029049 | AQ122: =AR122/100 -> 0.00069 | AR122: 0.069 | AS122: 0.18 | AT122: =(H122*Q122)*((1/Q122^2)-(1/I122^2)) -> 0.18079 | AU122: =(2*H122*Q122)*((1/I122^2)-(1/Q122^2)) -> -0.36158 | AV122: =(F122-H122)/((F122*H122)^0.5) -> -0.61036262 | AW122: =Q122/H122 -> 0.92372965 | AX122: =((ATAN(AV122))^(-1))*3.14 -> -5.7298825 | AY122: =IF(AV122>0.1,"SUB-VERTICAL",IF(AV122<0,"SUB-HORIZONTAL","MERGULHO")) -> SUB-HORIZONTAL | AZ122: =IF(AV122>0.1,"1",IF(AV122<0,"2","3")) -> 2 | BA122: =(R122+S122)/2 -> 1.31065
A123: 5583.9741 | B123: 1950 | C123: 1114.8896 | D123: 1925.1201 | E123: 987.6619 | F123: 1020.0291 | G123: 978.8544 | H123: 1923.65 | I123: =(1/(1/B123)+(1/M123)+(1/C123)+(1/N123)) -> 1950.002 | J123: =G123/145.9555 -> 6.7065263 | K123: =-LOG(AD123)-LOG(J123) -> 0.55545427 | L123: =(M123+N123+O123+B123+C123+D123)/6 -> 1751.3412 | M123: 1950 | N123: 1618.0378 | O123: 1950 | P123: 1803.7356 | Q123: 1653.5544 | R123: 2.4021 | S123: 0.1889 | T123: 22.9462 | U123: -999 | V123: 4198.2539 | X123: 1950 | Y123: 2220.6995 | Z123: -999 | AA123: -999 | AB123: =W123+$W$6*R123+$W$7*S123+$W$8*T123+$W$9*U123 -> -2139.2786 | AC123: 408.1445 | AD123: 0.0415 | AE123: 0.0415 | AF123: 0.0415 | AG123: 0.029 | AH123: -999 | AI123: =Z123^(1-1.89) -> #NUM! | AJ123: =G123/H123 -> 0.50885265 | AK123: =ABS(AJ123-1) -> 0.49114735 | AL123: =F123/B123 -> 0.52309185 | AM123: =ABS(AL123-1) -> 0.47690815 | AO123: =((B123+Q123)/2)*(Z123^3)/((1-Z123)^2) -> -1796377.3 | AP123: =Z123*AD123 -> -41.4585 | AQ123: =AR123/100 -> -9.99 | AR123: -999 | AT123: =(H123*Q123)*((1/Q123^2)-(1/I123^2)) -> 0.32682611 | AU123: =(2*H123*Q123)*((1/I123^2)-(1/Q123^2)) -> -0.65365223 | AV123: =(F123-H123)/((F123*H123)^0.5) -> -0.64508502 | AW123: =Q123/H123 -> 0.85959213 | AX123: =((ATAN(AV123))^(-1))*3.14 -> -5.4807692 | AY123: =IF(AV123>0.1,"SUB-VERTICAL",IF(AV123<0,"SUB-HORIZONTAL","MERGULHO")) -> SUB-HORIZONTAL | AZ123: =IF(AV123>0.1,"1",IF(AV123<0,"2","3")) -> 2 | BA123: =(R123+S123)/2 -> 1.2955
A124: 5584.0503 | B124: 1950 | C124: 1015.5777 | D124: 1792.8761 | E124: 858.4221 | F124: 884.0889 | G124: 852.5325 | H124: 1935.8843 | I124: =(1/(1/B124)+(1/M124)+(1/C124)+(1/N124)) -> 1950.0021 | J124: =G124/145.9555 -> 5.841044 | K124: =-LOG(AD124)-LOG(J124) -> 0.61546142 | L124: =(M124+N124+O124+B124+C124+D124)/6 -> 1710.3377 | M124: 1950 | N124: 1603.5725 | O124: 1950 | P124: 1742.1431 | Q124: 1588.8533 | R124: 2.4021 | S124: 0.1889 | T124: 22.9462 | U124: -999 | V124: 4198.2539 | X124: 1950 | Y124: 2220.6995 | Z124: -999 | AA124: -999 | AB124: =W124+$W$6*R124+$W$7*S124+$W$8*T124+$W$9*U124 -> -2139.2786 | AC124: 408.1445 | AD124: 0.0415 | AE124: 0.0415 | AF124: 0.0415 | AG124: 0.029 | AH124: -999 | AI124: =Z124^(1-1.89) -> #NUM! | AJ124: =G124/H124 -> 0.44038401 | AK124: =ABS(AJ124-1) -> 0.55961599 | AL124: =F124/B124 -> 0.45337892 | AM124: =ABS(AL124-1) -> 0.54662108 | AO124: =((B124+Q124)/2)*(Z124^3)/((1-Z124)^2) -> -1764123.7 | AP124: =Z124*AD124 -> -41.4585 | AQ124: =AR124/100 -> -9.99 | AR124: -999 | AT124: =(H124*Q124)*((1/Q124^2)-(1/I124^2)) -> 0.40951937 | AU124: =(2*H124*Q124)*((1/I124^2)-(1/Q124^2)) -> -0.81903875 | AV124: =(F124-H124)/((F124*H124)^0.5) -> -0.80397695 | AW124: =Q124/H124 -> 0.82073774 | AX124: =((ATAN(AV124))^(-1))*3.14 -> -4.6370051 | AY124: =IF(AV124>0.1,"SUB-VERTICAL",IF(AV124<0,"SUB-HORIZONTAL","MERGULHO")) -> SUB-HORIZONTAL | AZ124: =IF(AV124>0.1,"1",IF(AV124<0,"2","3")) -> 2 | BA124: =(R124+S124)/2 -> 1.2955
A125: 5584.1265 | B125: 1461.6207 | C125: 888.3198 | D125: 1408.8566 | E125: 959.1543 | F125: 992.9572 | G125: 930.1373 | H125: 1812.3109 | I125: =(1/(1/B125)+(1/M125)+(1/C125)+(1/N125)) -> 1461.623 | J125: =G125/145.9555 -> 6.3727458 | K125: =-LOG(AD125)-LOG(J125) -> 0.55918551 | L125: =(M125+N125+O125+B125+C125+D125)/6 -> 1543.1833 | M125: 1950 | N125: 1600.3025 | O125: 1950 | P125: 1683.6451 | Q125: 1634.3667 | R125: 2.3882 | S125: 0.1897 | T125: 22.1447 | U125: 10.3296 | V125: 4206.7329 | X125: 1950 | Y125: 2231.46 | Z125: 0.054 | AA125: 0.57 | AB125: =W125+$W$6*R125+$W$7*S125+$W$8*T125+$W$9*U125 -> -1094.8866 | AC125: 491.9747 | AD125: 0.0433 | AE125: 0.0433 | AF125: 0.0433 | AG125: 0.0286 | AH125: 10.3296 | AI125: =Z125^(1-1.89) -> 13.432893 | AJ125: =G125/H125 -> 0.51323275 | AK125: =ABS(AJ125-1) -> 0.48676725 | AL125: =F125/B125 -> 0.67935354 | AM125: =ABS(AL125-1) -> 0.32064646 | AO125: =((B125+Q125)/2)*(Z125^3)/((1-Z125)^2) -> 0.2723756 | AP125: =Z125*AD125 -> 0.0023382 | AQ125: =AR125/100 -> 0.00054 | AR125: 0.054 | AS125: 0.55 | AT125: =(H125*Q125)*((1/Q125^2)-(1/I125^2)) -> -0.2775967 | AU125: =(2*H125*Q125)*((1/I125^2)-(1/Q125^2)) -> 0.55519339 | AV125: =(F125-H125)/((F125*H125)^0.5) -> -0.61078703 | AW125: =Q125/H125 -> 0.90181365 | AX125: =((ATAN(AV125))^(-1))*3.14 -> -5.7266519 | AY125: =IF(AV125>0.1,"SUB-VERTICAL",IF(AV125<0,"SUB-HORIZONTAL","MERGULHO")) -> SUB-HORIZONTAL | AZ125: =IF(AV125>0.1,"1",IF(AV125<0,"2","3")) -> 2 | BA125: =(R125+S125)/2 -> 1.28895
A126: 5584.2027 | B126: 1340.6993 | C126: 914.3404 | D126: 1335.9154 | E126: 977.903 | F126: 1019.8407 | G126: 950.0154 | H126: 1828.1462 | I126: =(1/(1/B126)+(1/M126)+(1/C126)+(1/N126)) -> 1340.7015 | J126: =G126/145.9555 -> 6.5089387 | K126: =-LOG(AD126)-LOG(J126) -> 0.55000192 | L126: =(M126+N126+O126+B126+C126+D126)/6 -> 1516.6395 | M126: 1950 | N126: 1608.882 | O126: 1950 | P126: 1617.6505 | Q126: 1596.5187 | R126: 2.3882 | S126: 0.1897 | T126: 22.1447 | U126: 10.3296 | V126: 4206.7329 | X126: 1950 | Y126: 2231.46 | Z126: 0.054 | AA126: 0.57 | AB126: =W126+$W$6*R126+$W$7*S126+$W$8*T126+$W$9*U126 -> -1094.8866 | AC126: 491.9747 | AD126: 0.0433 | AE126: 0.0433 | AF126: 0.0433 | AG126: 0.0286 | AH126: 10.3296 | AI126: =Z126^(1-1.89) -> 13.432893 | AJ126: =G126/H126 -> 0.51966052 | AK126: =ABS(AJ126-1) -> 0.48033948 | AL126: =F126/B126 -> 0.76067818 | AM126: =ABS(AL126-1) -> 0.23932182 | AO126: =((B126+Q126)/2)*(Z126^3)/((1-Z126)^2) -> 0.25840755 | AP126: =Z126*AD126 -> 0.0023382 | AQ126: =AR126/100 -> 0.00054 | AR126: 0.054 | AS126: 0.95 | AT126: =(H126*Q126)*((1/Q126^2)-(1/I126^2)) -> -0.47867298 | AU126: =(2*H126*Q126)*((1/I126^2)-(1/Q126^2)) -> 0.95734595 | AV126: =(F126-H126)/((F126*H126)^0.5) -> -0.59197573 | AW126: =Q126/H126 -> 0.87329925 | AX126: =((ATAN(AV126))^(-1))*3.14 -> -5.8746667 | AY126: =IF(AV126>0.1,"SUB-VERTICAL",IF(AV126<0,"SUB-HORIZONTAL","MERGULHO")) -> SUB-HORIZONTAL | AZ126: =IF(AV126>0.1,"1",IF(AV126<0,"2","3")) -> 2 | BA126: =(R126+S126)/2 -> 1.28895
A127: 5584.2789 | B127: 1635.9011 | C127: 1032.4763 | D127: 1409.5765 | E127: 920.2025 | F127: 957.2189 | G127: 905.1464 | H127: 1876.6318 | I127: =(1/(1/B127)+(1/M127)+(1/C127)+(1/N127)) -> 1635.9032 | J127: =G127/145.9555 -> 6.2015231 | K127: =-LOG(AD127)-LOG(J127) -> 0.59790723 | L127: =(M127+N127+O127+B127+C127+D127)/6 -> 1601.1712 | M127: 1950 | N127: 1629.0734 | O127: 1950 | P127: 1603.8477 | Q127: 1540.1385 | R127: 2.3781 | S127: 0.1973 | T127: 21.2233 | U127: -999 | V127: 4154.356 | X127: 1950 | Y127: 2237.9185 | Z127: -999 | AA127: -999 | AB127: =W127+$W$6*R127+$W$7*S127+$W$8*T127+$W$9*U127 -> -2134.8379 | AC127: 639.5701 | AD127: 0.0407 | AE127: 0.0407 | AF127: 0.0407 | AG127: 0.0276 | AH127: -999 | AI127: =Z127^(1-1.89) -> #NUM! | AJ127: =G127/H127 -> 0.48232498 | AK127: =ABS(AJ127-1) -> 0.51767502 | AL127: =F127/B127 -> 0.5851325 | AM127: =ABS(AL127-1) -> 0.4148675 | AO127: =((B127+Q127)/2)*(Z127^3)/((1-Z127)^2) -> -1583260.5 | AP127: =Z127*AD127 -> -40.6593 | AQ127: =AR127/100 -> -9.99 | AR127: -999 | AT127: =(H127*Q127)*((1/Q127^2)-(1/I127^2)) -> 0.13848276 | AU127: =(2*H127*Q127)*((1/I127^2)-(1/Q127^2)) -> -0.27696553 | AV127: =(F127-H127)/((F127*H127)^0.5) -> -0.68598627 | AW127: =Q127/H127 -> 0.82069296 | AX127: =((ATAN(AV127))^(-1))*3.14 -> -5.2223774 | AY127: =IF(AV127>0.1,"SUB-VERTICAL",IF(AV127<0,"SUB-HORIZONTAL","MERGULHO")) -> SUB-HORIZONTAL | AZ127: =IF(AV127>0.1,"1",IF(AV127<0,"2","3")) -> 2 | BA127: =(R127+S127)/2 -> 1.2877
A128: 5584.3551 | B128: 1867.1719 | C128: 1220.765 | D128: 1722.6329 | E128: 872.8136 | F128: 905.8437 | G128: 866.6076 | H128: 1884.1345 | I128: =(1/(1/B128)+(1/M128)+(1/C128)+(1/N128)) -> 1867.1738 | J128: =G128/145.9555 -> 5.9374782 | K128: =-LOG(AD128)-LOG(J128) -> 0.61680356 | L128: =(M128+N128+O128+B128+C128+D128)/6 -> 1728.3785 | M128: 1950 | N128: 1659.7014 | O128: 1950 | P128: 1679.6688 | Q128: 1563.8693 | R128: 2.3781 | S128: 0.1973 | T128: 21.2233 | U128: -999 | V128: 4154.356 | X128: 1950 | Y128: 2237.9185 | Z128: -999 | AA128: -999 | AB128: =W128+$W$6*R128+$W$7*S128+$W$8*T128+$W$9*U128 -> -2134.8379 | AC128: 639.5701 | AD128: 0.0407 | AE128: 0.0407 | AF128: 0.0407 | AG128: 0.0276 | AH128: -999 | AI128: =Z128^(1-1.89) -> #NUM! | AJ128: =G128/H128 -> 0.45994997 | AK128: =ABS(AJ128-1) -> 0.54005003 | AL128: =F128/B128 -> 0.4851421 | AM128: =ABS(AL128-1) -> 0.5148579 | AO128: =((B128+Q128)/2)*(Z128^3)/((1-Z128)^2) -> -1710379.2 | AP128: =Z128*AD128 -> -40.6593 | AQ128: =AR128/100 -> -9.99 | AR128: -999 | AT128: =(H128*Q128)*((1/Q128^2)-(1/I128^2)) -> 0.35962264 | AU128: =(2*H128*Q128)*((1/I128^2)-(1/Q128^2)) -> -0.71924528 | AV128: =(F128-H128)/((F128*H128)^0.5) -> -0.74883371 | AW128: =Q128/H128 -> 0.83001999 | AX128: =((ATAN(AV128))^(-1))*3.14 -> -4.8852263 | AY128: =IF(AV128>0.1,"SUB-VERTICAL",IF(AV128<0,"SUB-HORIZONTAL","MERGULHO")) -> SUB-HORIZONTAL | AZ128: =IF(AV128>0.1,"1",IF(AV128<0,"2","3")) -> 2 | BA128: =(R128+S128)/2 -> 1.2877
A129: 5584.4313 | B129: 1939.4381 | C129: 1430.8379 | D129: 1917.861 | E129: 896.8849 | F129: 936.9432 | G129: 888.424 | H129: 1908.4225 | I129: =(1/(1/B129)+(1/M129)+(1/C129)+(1/N129)) -> 1939.4399 | J129: =G129/145.9555 -> 6.0869512 | K129: =-LOG(AD129)-LOG(J129) -> 0.59859984 | L129: =(M129+N129+O129+B129+C129+D129)/6 -> 1814.4678 | M129: 1950 | N129: 1698.67 | O129: 1950 | P129: 1626.1183 | Q129: 1522.2856 | R129: 2.3721 | S129: 0.1974 | T129: 20.9049 | U129: -999 | V129: 4100.9497 | X129: 1950 | Y129: 2231.7075 | Z129: -999 | AA129: -999 | AB129: =W129+$W$6*R129+$W$7*S129+$W$8*T129+$W$9*U129 -> -2132.2585 | AC129: -999 | AD129: 0.0414 | AE129: 0.0414 | AF129: 0.0414 | AG129: 0.0274 | AH129: -999 | AI129: =Z129^(1-1.89) -> #NUM! | AJ129: =G129/H129 -> 0.46552794 | AK129: =ABS(AJ129-1) -> 0.53447206 | AL129: =F129/B129 -> 0.48310034 | AM129: =ABS(AL129-1) -> 0.51689966 | AO129: =((B129+Q129)/2)*(Z129^3)/((1-Z129)^2) -> -1725674.5 | AP129: =Z129*AD129 -> -41.3586 | AQ129: =AR129/100 -> -9.99 | AR129: -999 | AT129: =(H129*Q129)*((1/Q129^2)-(1/I129^2)) -> 0.48129914 | AU129: =(2*H129*Q129)*((1/I129^2)-(1/Q129^2)) -> -0.96259829 | AV129: =(F129-H129)/((F129*H129)^0.5) -> -0.72650675 | AW129: =Q129/H129 -> 0.79766697 | AX129: =((ATAN(AV129))^(-1))*3.14 -> -4.9976515 | AY129: =IF(AV129>0.1,"SUB-VERTICAL",IF(AV129<0,"SUB-HORIZONTAL","MERGULHO")) -> SUB-HORIZONTAL | AZ129: =IF(AV129>0.1,"1",IF(AV129<0,"2","3")) -> 2 | BA129: =(R129+S129)/2 -> 1.28475
A130: 5584.5075 | B130: 1949.5527 | C130: 1635.6273 | D130: 1949.989 | E130: 874.0322 | F130: 914.6664 | G130: 868.8861 | H130: 1904.9664 | I130: =(1/(1/B130)+(1/M130)+(1/C130)+(1/N130)) -> 1949.5544 | J130: =G130/145.9555 -> 5.9530891 | K130: =-LOG(AD130)-LOG(J130) -> 0.60825727 | L130: =(M130+N130+O130+B130+C130+D130)/6 -> 1863.0457 | M130: 1950 | N130: 1743.1052 | O130: 1950 | P130: 1528.1799 | Q130: 1429.5348 | R130: 2.3721 | S130: 0.1974 | T130: 20.9049 | U130: -999 | V130: 4100.9497 | X130: 1950 | Y130: 2231.7075 | Z130: -999 | AA130: -999 | AB130: =W130+$W$6*R130+$W$7*S130+$W$8*T130+$W$9*U130 -> -2132.2585 | AC130: -999 | AD130: 0.0414 | AE130: 0.0414 | AF130: 0.0414 | AG130: 0.0274 | AH130: -999 | AI130: =Z130^(1-1.89) -> #NUM! | AJ130: =G130/H130 -> 0.45611623 | AK130: =ABS(AJ130-1) -> 0.54388377 | AL130: =F130/B130 -> 0.46916731 | AM130: =ABS(AL130-1) -> 0.53083269 | AO130: =((B130+Q130)/2)*(Z130^3)/((1-Z130)^2) -> -1684480.2 | AP130: =Z130*AD130 -> -41.3586 | AQ130: =AR130/100 -> -9.99 | AR130: -999 | AT130: =(H130*Q130)*((1/Q130^2)-(1/I130^2)) -> 0.61608586 | AU130: =(2*H130*Q130)*((1/I130^2)-(1/Q130^2)) -> -1.2321717 | AV130: =(F130-H130)/((F130*H130)^0.5) -> -0.75022539 | AW130: =Q130/H130 -> 0.7504252 | AX130: =((ATAN(AV130))^(-1))*3.14 -> -4.878463 | AY130: =IF(AV130>0.1,"SUB-VERTICAL",IF(AV130<0,"SUB-HORIZONTAL","MERGULHO")) -> SUB-HORIZONTAL | AZ130: =IF(AV130>0.1,"1",IF(AV130<0,"2","3")) -> 2 | BA130: =(R130+S130)/2 -> 1.28475
A131: 5584.5837 | B131: 1949.9999 | C131: 1792.6465 | D131: 1937.0999 | E131: 800.0778 | F131: 835.6771 | G131: 803.1803 | H131: 1898.9934 | I131: =(1/(1/B131)+(1/M131)+(1/C131)+(1/N131)) -> 1950.0015 | J131: =G131/145.9555 -> 5.5029122 | K131: =-LOG(AD131)-LOG(J131) -> 0.63306705 | L131: =(M131+N131+O131+B131+C131+D131)/6 -> 1894.9008 | M131: 1950 | N131: 1789.6583 | O131: 1950 | P131: 1460.2948 | Q131: 1355.2965 | R131: 2.3671 | S131: 0.2008 | T131: 21.3845 | U131: -999 | V131: 4097.0903 | X131: 1950 | Y131: 2203.5208 | Z131: -999 | AA131: -999 | AB131: =W131+$W$6*R131+$W$7*S131+$W$8*T131+$W$9*U131 -> -2133.4574 | AC131: 704.8846 | AD131: 0.0423 | AE131: 0.0423 | AF131: 0.0423 | AG131: 0.027 | AH131: -999 | AI131: =Z131^(1-1.89) -> #NUM! | AJ131: =G131/H131 -> 0.42295055 | AK131: =ABS(AJ131-1) -> 0.57704945 | AL131: =F131/B131 -> 0.42855238 | AM131: =ABS(AL131-1) -> 0.57144762 | AO131: =((B131+Q131)/2)*(Z131^3)/((1-Z131)^2) -> -1647695.2 | AP131: =Z131*AD131 -> -42.2577 | AQ131: =AR131/100 -> -9.99 | AR131: -999 | AT131: =(H131*Q131)*((1/Q131^2)-(1/I131^2)) -> 0.72432166 | AU131: =(2*H131*Q131)*((1/I131^2)-(1/Q131^2)) -> -1.4486433 | AV131: =(F131-H131)/((F131*H131)^0.5) -> -0.84407589 | AW131: =Q131/H131 -> 0.71369205 | AX131: =((ATAN(AV131))^(-1))*3.14 -> -4.4790294 | AY131: =IF(AV131>0.1,"SUB-VERTICAL",IF(AV131<0,"SUB-HORIZONTAL","MERGULHO")) -> SUB-HORIZONTAL | AZ131: =IF(AV131>0.1,"1",IF(AV131<0,"2","3")) -> 2 | BA131: =(R131+S131)/2 -> 1.28395
A132: 5584.6599 | B132: 1950 | C132: 1864.1493 | D132: 1896.6753 | E132: 728.4454 | F132: 759.649 | G132: 744.0435 | H132: 1910.4786 | I132: =(1/(1/B132)+(1/M132)+(1/C132)+(1/N132)) -> 1950.0016 | J132: =G132/145.9555 -> 5.0977421 | K132: =-LOG(AD132)-LOG(J132) -> 0.66628177 | L132: =(M132+N132+O132+B132+C132+D132)/6 -> 1907.6208 | M132: 1950 | N132: 1834.9003 | O132: 1950 | P132: 1400.0715 | Q132: 1298.0902 | R132: 2.3671 | S132: 0.2008 | T132: 21.3845 | U132: -999 | V132: 4097.0903 | X132: 1950 | Y132: 2203.5208 | Z132: -999 | AA132: -999 | AB132: =W132+$W$6*R132+$W$7*S132+$W$8*T132+$W$9*U132 -> -2133.4574 | AC132: 704.8846 | AD132: 0.0423 | AE132: 0.0423 | AF132: 0.0423 | AG132: 0.027 | AH132: -999 | AI132: =Z132^(1-1.89) -> #NUM! | AJ132: =G132/H132 -> 0.38945398 | AK132: =ABS(AJ132-1) -> 0.61054602 | AL132: =F132/B132 -> 0.38956359 | AM132: =ABS(AL132-1) -> 0.61043641 | AO132: =((B132+Q132)/2)*(Z132^3)/((1-Z132)^2) -> -1619177.8 | AP132: =Z132*AD132 -> -42.2577 | AQ132: =AR132/100 -> -9.99 | AR132: -999 | AT132: =(H132*Q132)*((1/Q132^2)-(1/I132^2)) -> 0.81956658 | AU132: =(2*H132*Q132)*((1/I132^2)-(1/Q132^2)) -> -1.6391332 | AV132: =(F132-H132)/((F132*H132)^0.5) -> -0.95528608 | AW132: =Q132/H132 -> 0.67945812 | AX132: =((ATAN(AV132))^(-1))*3.14 -> -4.1178496 | AY132: =IF(AV132>0.1,"SUB-VERTICAL",IF(AV132<0,"SUB-HORIZONTAL","MERGULHO")) -> SUB-HORIZONTAL | AZ132: =IF(AV132>0.1,"1",IF(AV132<0,"2","3")) -> 2 | BA132: =(R132+S132)/2 -> 1.28395
A133: 5584.7361 | B133: 1950 | C133: 1877.6323 | D133: 1864.6183 | E133: 681.194 | F133: 709.706 | G133: 703.4489 | H133: 1929.1357 | I133: =(1/(1/B133)+(1/M133)+(1/C133)+(1/N133)) -> 1950.0016 | J133: =G133/145.9555 -> 4.8196121 | K133: =-LOG(AD133)-LOG(J133) -> 0.67353523 | L133: =(M133+N133+O133+B133+C133+D133)/6 -> 1911.3902 | M133: 1950 | N133: 1876.0906 | O133: 1950 | P133: 1359.3496 | Q133: 1253.2466 | R133: 2.3639 | S133: 0.208 | T133: 21.8572 | U133: -999 | V133: 4085.9036 | X133: 1950 | Y133: 2175.4951 | Z133: -999 | AA133: -999 | AB133: =W133+$W$6*R133+$W$7*S133+$W$8*T133+$W$9*U133 -> -2138.3541 | AC133: 723.6506 | AD133: 0.044 | AE133: 0.044 | AF133: 0.044 | AG133: 0.0262 | AH133: -999 | AI133: =Z133^(1-1.89) -> #NUM! | AJ133: =G133/H133 -> 0.36464459 | AK133: =ABS(AJ133-1) -> 0.63535541 | AL133: =F133/B133 -> 0.36395179 | AM133: =ABS(AL133-1) -> 0.63604821 | AO133: =((B133+Q133)/2)*(Z133^3)/((1-Z133)^2) -> -1596823.2 | AP133: =Z133*AD133 -> -43.956 | AQ133: =AR133/100 -> -9.99 | AR133: -999 | AT133: =(H133*Q133)*((1/Q133^2)-(1/I133^2)) -> 0.90349756 | AU133: =(2*H133*Q133)*((1/I133^2)-(1/Q133^2)) -> -1.8069951 | AV133: =(F133-H133)/((F133*H133)^0.5) -> -1.0421642 | AW133: =Q133/H133 -> 0.64964149 | AX133: =((ATAN(AV133))^(-1))*3.14 -> -3.8955784 | AY133: =IF(AV133>0.1,"SUB-VERTICAL",IF(AV133<0,"SUB-HORIZONTAL","MERGULHO")) -> SUB-HORIZONTAL | AZ133: =IF(AV133>0.1,"1",IF(AV133<0,"2","3")) -> 2 | BA133: =(R133+S133)/2 -> 1.28595
A134: 5584.8123 | B134: 1950 | C134: 1882.5446 | D134: 1884.4696 | E134: 665.7502 | F134: 693.1388 | G134: 695.3268 | H134: 1943.9265 | I134: =(1/(1/B134)+(1/M134)+(1/C134)+(1/N134)) -> 1950.0016 | J134: =G134/145.9555 -> 4.7639644 | K134: =-LOG(AD134)-LOG(J134) -> 0.67857882 | L134: =(M134+N134+O134+B134+C134+D134)/6 -> 1921.3641 | M134: 1950 | N134: 1911.1703 | O134: 1950 | P134: 1343.7588 | Q134: 1225.6145 | R134: 2.3639 | S134: 0.208 | T134: 21.8572 | U134: -999 | V134: 4085.9036 | X134: 1950 | Y134: 2175.4951 | Z134: -999 | AA134: -999 | AB134: =W134+$W$6*R134+$W$7*S134+$W$8*T134+$W$9*U134 -> -2138.3541 | AC134: 723.6506 | AD134: 0.044 | AE134: 0.044 | AF134: 0.044 | AG134: 0.0262 | AH134: -999 | AI134: =Z134^(1-1.89) -> #NUM! | AJ134: =G134/H134 -> 0.35769192 | AK134: =ABS(AJ134-1) -> 0.64230808 | AL134: =F134/B134 -> 0.35545579 | AM134: =ABS(AL134-1) -> 0.64454421 | AO134: =((B134+Q134)/2)*(Z134^3)/((1-Z134)^2) -> -1583048.6 | AP134: =Z134*AD134 -> -43.956 | AQ134: =AR134/100 -> -9.99 | AR134: -999 | AT134: =(H134*Q134)*((1/Q134^2)-(1/I134^2)) -> 0.95952149 | AU134: =(2*H134*Q134)*((1/I134^2)-(1/Q134^2)) -> -1.919043 | AV134: =(F134-H134)/((F134*H134)^0.5) -> -1.0775404 | AW134: =Q134/H134 -> 0.63048397 | AX134: =((ATAN(AV134))^(-1))*3.14 -> -3.8166824 | AY134: =IF(AV134>0.1,"SUB-VERTICAL",IF(AV134<0,"SUB-HORIZONTAL","MERGULHO")) -> SUB-HORIZONTAL | AZ134: =IF(AV134>0.1,"1",IF(AV134<0,"2","3")) -> 2 | BA134: =(R134+S134)/2 -> 1.28595
A135: 5584.8885 | B135: 1950 | C135: 1892.3427 | D135: 1913.4784 | E135: 683.4883 | F135: 711.0665 | G135: 716.712 | H135: 1949.3112 | I135: =(1/(1/B135)+(1/M135)+(1/C135)+(1/N135)) -> 1950.0016 | J135: =G135/145.9555 -> 4.910483 | K135: =-LOG(AD135)-LOG(J135) -> 0.67743202 | L135: =(M135+N135+O135+B135+C135+D135)/6 -> 1932.3279 | M135: 1950 | N135: 1938.1464 | O135: 1950 | P135: 1349.9884 | Q135: 1217.9287 | R135: 2.365 | S135: 0.216 | T135: 21.6073 | U135: 4.3539 | V135: 4059.4148 | X135: 1950 | Y135: 2165.3586 | Z135: 0.159 | AA135: 7.89 | AB135: =W135+$W$6*R135+$W$7*S135+$W$8*T135+$W$9*U135 -> -1112.2044 | AC135: 676.7859 | AD135: 0.0428 | AE135: 0.0428 | AF135: 0.0428 | AG135: 0.0256 | AH135: 4.3539 | AI135: =Z135^(1-1.89) -> 5.1375559 | AJ135: =G135/H135 -> 0.36767449 | AK135: =ABS(AJ135-1) -> 0.63232551 | AL135: =F135/B135 -> 0.36464949 | AM135: =ABS(AL135-1) -> 0.63535051 | AO135: =((B135+Q135)/2)*(Z135^3)/((1-Z135)^2) -> 9.0021197 | AP135: =Z135*AD135 -> 0.0068052 | AQ135: =AR135/100 -> 0.00159 | AR135: 0.159 | AT135: =(H135*Q135)*((1/Q135^2)-(1/I135^2)) -> 0.97615619 | AU135: =(2*H135*Q135)*((1/I135^2)-(1/Q135^2)) -> -1.9523124 | AV135: =(F135-H135)/((F135*H135)^0.5) -> -1.0517458 | AW135: =Q135/H135 -> 0.62479952 | AX135: =((ATAN(AV135))^(-1))*3.14 -> -3.8736108 | AY135: =IF(AV135>0.1,"SUB-VERTICAL",IF(AV135<0,"SUB-HORIZONTAL","MERGULHO")) -> SUB-HORIZONTAL | AZ135: =IF(AV135>0.1,"1",IF(AV135<0,"2","3")) -> 2 | BA135: =(R135+S135)/2 -> 1.2905
A136: 5584.9647 | B136: 1950 | C136: 1926.4861 | D136: 1937.7867 | E136: 732.0546 | F136: 761.0382 | G136: 762.6417 | H136: 1949.9998 | I136: =(1/(1/B136)+(1/M136)+(1/C136)+(1/N136)) -> 1950.0015 | J136: =G136/145.9555 -> 5.2251659 | K136: =-LOG(AD136)-LOG(J136) -> 0.65045615 | L136: =(M136+N136+O136+B136+C136+D136)/6 -> 1943.8113 | M136: 1950 | N136: 1948.5952 | O136: 1950 | P136: 1376.3564 | Q136: 1230.2711 | R136: 2.365 | S136: 0.216 | T136: 21.6073 | U136: 4.3539 | V136: 4059.4148 | X136: 1950 | Y136: 2165.3586 | Z136: 0.159 | AA136: 7.89 | AB136: =W136+$W$6*R136+$W$7*S136+$W$8*T136+$W$9*U136 -> -1112.2044 | AC136: 676.7859 | AD136: 0.0428 | AE136: 0.0428 | AF136: 0.0428 | AG136: 0.0256 | AH136: 4.3539 | AI136: =Z136^(1-1.89) -> 5.1375559 | AJ136: =G136/H136 -> 0.39109835 | AK136: =ABS(AJ136-1) -> 0.60890165 | AL136: =F136/B136 -> 0.390276 | AM136: =ABS(AL136-1) -> 0.609724 | AO136: =((B136+Q136)/2)*(Z136^3)/((1-Z136)^2) -> 9.0371924 | AP136: =Z136*AD136 -> 0.0068052 | AQ136: =AR136/100 -> 0.00159 | AR136: 0.159 | AT136: =(H136*Q136)*((1/Q136^2)-(1/I136^2)) -> 0.95410915 | AU136: =(2*H136*Q136)*((1/I136^2)-(1/Q136^2)) -> -1.9082183 | AV136: =(F136-H136)/((F136*H136)^0.5) -> -0.97599438 | AW136: =Q136/H136 -> 0.63090832 | AX136: =((ATAN(AV136))^(-1))*3.14 -> -4.0607817 | AY136: =IF(AV136>0.1,"SUB-VERTICAL",IF(AV136<0,"SUB-HORIZONTAL","MERGULHO")) -> SUB-HORIZONTAL | AZ136: =IF(AV136>0.1,"1",IF(AV136<0,"2","3")) -> 2 | BA136: =(R136+S136)/2 -> 1.2905
A137: 5585.0409 | B137: 1950 | C137: 1894.0071 | D137: 1948.4248 | E137: 814.0471 | F137: 845.1776 | G137: 831.4376 | H137: 1950 | I137: =(1/(1/B137)+(1/M137)+(1/C137)+(1/N137)) -> 1950.0016 | J137: =G137/145.9555 -> 5.6965143 | K137: =-LOG(AD137)-LOG(J137) -> 0.64779371 | L137: =(M137+N137+O137+B137+C137+D137)/6 -> 1940.4053 | M137: 1950 | N137: 1949.9996 | O137: 1950 | P137: 1420.3796 | Q137: 1261.0212 | R137: 2.3694 | S137: 0.2161 | T137: 21.8472 | U137: -999 | V137: 3987.1631 | X137: 1950 | Y137: 2158.7339 | Z137: -999 | AA137: -999 | AB137: =W137+$W$6*R137+$W$7*S137+$W$8*T137+$W$9*U137 -> -2146.8915 | AC137: 723.2805 | AD137: 0.0395 | AE137: 0.0395 | AF137: 0.0395 | AG137: 0.0257 | AH137: -999 | AI137: =Z137^(1-1.89) -> #NUM! | AJ137: =G137/H137 -> 0.42637826 | AK137: =ABS(AJ137-1) -> 0.57362174 | AL137: =F137/B137 -> 0.43342441 | AM137: =ABS(AL137-1) -> 0.56657559 | AO137: =((B137+Q137)/2)*(Z137^3)/((1-Z137)^2) -> -1600698.9 | AP137: =Z137*AD137 -> -39.4605 | AQ137: =AR137/100 -> -9.99 | AR137: -999 | AT137: =(H137*Q137)*((1/Q137^2)-(1/I137^2)) -> 0.89968925 | AU137: =(2*H137*Q137)*((1/I137^2)-(1/Q137^2)) -> -1.7993785 | AV137: =(F137-H137)/((F137*H137)^0.5) -> -0.86059967 | AW137: =Q137/H137 -> 0.64667754 | AX137: =((ATAN(AV137))^(-1))*3.14 -> -4.4187039 | AY137: =IF(AV137>0.1,"SUB-VERTICAL",IF(AV137<0,"SUB-HORIZONTAL","MERGULHO")) -> SUB-HORIZONTAL | AZ137: =IF(AV137>0.1,"1",IF(AV137<0,"2","3")) -> 2 | BA137: =(R137+S137)/2 -> 1.29275
A138: 5585.1171 | B138: 1950 | C138: 1851.5112 | D138: 1928.0848 | E138: 922.8239 | F138: 957.0654 | G138: 934.3362 | H138: 1950 | I138: =(1/(1/B138)+(1/M138)+(1/C138)+(1/N138)) -> 1950.0016 | J138: =G138/145.9555 -> 6.4015142 | K138: =-LOG(AD138)-LOG(J138) -> 0.59712019 | L138: =(M138+N138+O138+B138+C138+D138)/6 -> 1929.9327 | M138: 1950 | N138: 1950 | O138: 1950 | P138: 1478.1456 | Q138: 1307.3801 | R138: 2.3694 | S138: 0.2161 | T138: 21.8472 | U138: -999 | V138: 3987.1631 | X138: 1950 | Y138: 2158.7339 | Z138: -999 | AA138: -999 | AB138: =W138+$W$6*R138+$W$7*S138+$W$8*T138+$W$9*U138 -> -2146.8915 | AC138: 723.2805 | AD138: 0.0395 | AE138: 0.0395 | AF138: 0.0395 | AG138: 0.0257 | AH138: -999 | AI138: =Z138^(1-1.89) -> #NUM! | AJ138: =G138/H138 -> 0.47914677 | AK138: =ABS(AJ138-1) -> 0.52085323 | AL138: =F138/B138 -> 0.49080277 | AM138: =ABS(AL138-1) -> 0.50919723 | AO138: =((B138+Q138)/2)*(Z138^3)/((1-Z138)^2) -> -1623808.9 | AP138: =Z138*AD138 -> -39.4605 | AQ138: =AR138/100 -> -9.99 | AR138: -999 | AT138: =(H138*Q138)*((1/Q138^2)-(1/I138^2)) -> 0.82108231 | AU138: =(2*H138*Q138)*((1/I138^2)-(1/Q138^2)) -> -1.6421646 | AV138: =(F138-H138)/((F138*H138)^0.5) -> -0.72682947 | AW138: =Q138/H138 -> 0.67045133 | AX138: =((ATAN(AV138))^(-1))*3.14 -> -4.9959721 | AY138: =IF(AV138>0.1,"SUB-VERTICAL",IF(AV138<0,"SUB-HORIZONTAL","MERGULHO")) -> SUB-HORIZONTAL | AZ138: =IF(AV138>0.1,"1",IF(AV138<0,"2","3")) -> 2 | BA138: =(R138+S138)/2 -> 1.29275
... A334: 5600.0523 | B334: 24.0265 | C334: 25.0534 | D334: 24.2774 | E334: 24.9149 | F334: 24.7195 | G334: 25.0856 | H334: 26.6663 | I334: =(1/(1/B334)+(1/M334)+(1/C334)+(1/N334)) -> 24.1302 | J334: =G334/145.9555 -> 0.17187156 | K334: =-LOG(AD334)-LOG(J334) -> 1.2721753 | L334: =(M334+N334+O334+B334+C334+D334)/6 -> 27.863717 | M334: 31.5323 | N334: 31.1805 | O334: 31.1122 | P334: 31.3803 | Q334: 30.4207 | R334: 2.5512 | S334: 0.1757 | T334: 51.416 | U334: 8.7976 | V334: 4979.7319 | X334: 31.5323 | Y334: 2910.0266 | Z334: 0.066 | AA334: 0.1 | AB334: =W334+$W$6*R334+$W$7*S334+$W$8*T334+$W$9*U334 -> -1177.8219 | AC334: 228.7727 | AD334: 0.3109 | AE334: 0.3109 | AF334: 0.3109 | AG334: 0.271 | AH334: 8.7976 | AI334: =Z334^(1-1.89) -> 11.235849 | AJ334: =G334/H334 -> 0.94072293 | AK334: =ABS(AJ334-1) -> 0.059277065 | AL334: =F334/B334 -> 1.0288432 | AM334: =ABS(AL334-1) -> 0.028843152 | AO334: =((B334+Q334)/2)*(Z334^3)/((1-Z334)^2) -> 0.0089718832 | AP334: =Z334*AD334 -> 0.0205194 | AQ334: =AR334/100 -> 0.00066 | AR334: 0.066 | AT334: =(H334*Q334)*((1/Q334^2)-(1/I334^2)) -> -0.51660528 | AU334: =(2*H334*Q334)*((1/I334^2)-(1/Q334^2)) -> 1.0332106 | AV334: =(F334-H334)/((F334*H334)^0.5) -> -0.075826344 | AW334: =Q334/H334 -> 1.1407919 | AX334: =((ATAN(AV334))^(-1))*3.14 -> -41.489654 | AY334: =IF(AV334>0.1,"SUB-VERTICAL",IF(AV334<0,"SUB-HORIZONTAL","MERGULHO")) -> SUB-HORIZONTAL | AZ334: =IF(AV334>0.1,"1",IF(AV334<0,"2","3")) -> 2 | BA334: =(R334+S334)/2 -> 1.36345

Sheet Planilha6
B1: 0.58302083 | D1: :
A2: AORX | B2: AO90 | C2: AORT | D2: AO10 | E2: 1/AO90 | F2: 1/AO10 | L2: Bv | M2: Bh
A3: ohm,m | B3: ohm,m | C3: ohm,m | D3: ohm,m
H4: BV | P4: =4*(10^-7) -> 4e-07 | Q4: =1.2*(10^-7) -> 1.2e-07 | R4: =1/1950 -> 0.00051282051
A5: 221.9146 | B5: 271.66 | C5: 291.7903 | D5: 272.2705 | E5: =1/B5 -> 0.0036810719 | F5: =1/D5 -> 0.003672818 | G5: =A5/(4*(10^-7)) -> 554786500 | H5: =ABS((G5*(E5-F5))/10000) -> 0.45791542 | I5: =A5/(1.2*(10^-7)) -> 1849288333 | J5: =(I5*(E5-0.000513))/10000 -> 585.86785 | L5: =(A5/(4*10^-7))*((1/D5)-(1/A5)) -> -462370.14 | M5: =(A5/(1.2*10^-7))*((1/B5)-(1/1949)) -> 5858523.8 | N5: =L5+M5 -> 5396153.7 | O5: =M5/1000 -> 5858.5238
A6: 200.8569 | B6: 249.0079 | C6: 263.5609 | D6: 244.2342 | E6: =1/B6 -> 0.0040159368 | F6: =1/D6 -> 0.0040944307 | G6: =A6/(4*(10^-7)) -> 502142250 | H6: =ABS((G6*(E6-F6))/10000) -> 3.9415068 | I6: =A6/(1.2*(10^-7)) -> 1673807500 | J6: =(I6*(E6-0.000513))/10000 -> 586.3242 | L6: =(A6/(4*10^-7))*((1/D6)-(1/A6)) -> -444013.37 | M6: =(A6/(1.2*10^-7))*((1/B6)-(1/1949)) -> 5863102 | N6: =L6+M6 -> 5419088.6
A7: 181.7894 | B7: 216.5693 | C7: 230.409 | D7: 198.2799 | E7: =1/B7 -> 0.0046174596 | F7: =1/D7 -> 0.0050433756 | G7: =A7/(4*(10^-7)) -> 454473500 | H7: =ABS((G7*(E7-F7))/10000) -> 19.35675 | I7: =A7/(1.2*(10^-7)) -> 1514911667 | J7: =(I7*(E7-0.000513))/10000 -> 621.78938 | L7: =(A7/(4*10^-7))*((1/D7)-(1/A7)) -> -207919.46 | M7: =(A7/(1.2*10^-7))*((1/B7)-(1/1949)) -> 6217767.1 | N7: =L7+M7 -> 6009847.6
A8: 169.652 | B8: 201.1833 | C8: 214.9433 | D8: 161.8855 | E8: =1/B8 -> 0.0049705915 | F8: =1/D8 -> 0.0061772055 | G8: =A8/(4*(10^-7)) -> 424130000 | H8: =ABS((G8*(E8-F8))/10000) -> 51.17612 | I8: =A8/(1.2*(10^-7)) -> 1413766667 | J8: =(I8*(E8-0.000513))/10000 -> 630.19943 | L8: =(A8/(4*10^-7))*((1/D8)-(1/A8)) -> 119938.17 | M8: =(A8/(1.2*10^-7))*((1/B8)-(1/1949)) -> 6301876 | N8: =L8+M8 -> 6421814.2
A9: 158.5866 | B9: 192.7874 | C9: 204.9922 | D9: 154.5627 | E9: =1/B9 -> 0.005187061 | F9: =1/D9 -> 0.0064698663 | G9: =A9/(4*(10^-7)) -> 396466500 | H9: =ABS((G9*(E9-F9))/10000) -> 50.858933 | I9: =A9/(1.2*(10^-7)) -> 1321555000 | J9: =(I9*(E9-0.000513))/10000 -> 617.70287 | L9: =(A9/(4*10^-7))*((1/D9)-(1/A9)) -> 65085.237 | M9: =(A9/(1.2*10^-7))*((1/B9)-(1/1949)) -> 6176918.1 | N9: =L9+M9 -> 6242003.4
A10: 143.0686 | B10: 188.4116 | C10: 199.6382 | D10: 147.7557 | E10: =1/B10 -> 0.0053075288 | F10: =1/D10 -> 0.0067679284 | G10: =A10/(4*(10^-7)) -> 357671500 | H10: =ABS((G10*(E10-F10))/10000) -> 52.234331 | I10: =A10/(1.2*(10^-7)) -> 1192238333 | J10: =(I10*(E10-0.000513))/10000 -> 571.62211 | L10: =(A10/(4*10^-7))*((1/D10)-(1/A10)) -> -79304.893 | M10: =(A10/(1.2*10^-7))*((1/B10)-(1/1949)) -> 5716121.4 | N10: =L10+M10 -> 5636816.5
A11: 134.8949 | B11: 178.8564 | C11: 188.6397 | D11: 148.0392 | E11: =1/B11 -> 0.0055910775 | F11: =1/D11 -> 0.0067549676 | G11: =A11/(4*(10^-7)) -> 337237250 | H11: =ABS((G11*(E11-F11))/10000) -> 39.250709 | I11: =A11/(1.2*(10^-7)) -> 1124124167 | J11: =(I11*(E11-0.000513))/10000 -> 570.83897 | L11: =(A11/(4*10^-7))*((1/D11)-(1/A11)) -> -221973.3 | M11: =(A11/(1.2*10^-7))*((1/B11)-(1/1949)) -> 5708295.7 | N11: =L11+M11 -> 5486322.4
A12: 125.2556 | B12: 162.9519 | C12: 170.4498 | D12: 149.4117 | E12: =1/B12 -> 0.0061367802 | F12: =1/D12 -> 0.0066929163 | G12: =A12/(4*(10^-7)) -> 313139000 | H12: =ABS((G12*(E12-F12))/10000) -> 17.414788 | I12: =A12/(1.2*(10^-7)) -> 1043796667 | J12: =(I12*(E12-0.000513))/10000 -> 587.00831 | L12: =(A12/(4*10^-7))*((1/D12)-(1/A12)) -> -404186.89 | M12: =(A12/(1.2*10^-7))*((1/B12)-(1/1949)) -> 5869995.8 | N12: =L12+M12 -> 5465808.9
A13: 121.2716 | B13: 140.3855 | C13: 146.8832 | D13: 144.7914 | E13: =1/B13 -> 0.0071232428 | F13: =1/D13 -> 0.0069064875 | G13: =A13/(4*(10^-7)) -> 303179000 | H13: =ABS((G13*(E13-F13))/10000) -> 6.5715638 | I13: =A13/(1.2*(10^-7)) -> 1010596667 | J13: =(I13*(E13-0.000513))/10000 -> 668.02893 | L13: =(A13/(4*10^-7))*((1/D13)-(1/A13)) -> -406098.01 | M13: =(A13/(1.2*10^-7))*((1/B13)-(1/1949)) -> 6680204.8 | N13: =L13+M13 -> 6274106.8
A14: 113.7666 | B14: 127.9555 | C14: 134.0241 | D14: 141.9917 | E14: =1/B14 -> 0.007815217 | F14: =1/D14 -> 0.0070426652 | G14: =A14/(4*(10^-7)) -> 284416500 | H14: =ABS((G14*(E14-F14))/10000) -> 21.972649 | I14: =A14/(1.2*(10^-7)) -> 948055000 | J14: =(I14*(E14-0.000513))/10000 -> 692.29033 | L14: =(A14/(4*10^-7))*((1/D14)-(1/A14)) -> -496949.82 | M14: =(A14/(1.2*10^-7))*((1/B14)-(1/1949)) -> 6922824.1 | N14: =L14+M14 -> 6425874.2
A15: 103.9366 | B15: 136.1207 | C15: 142.3432 | D15: 135.0677 | E15: =1/B15 -> 0.0073464212 | F15: =1/D15 -> 0.0074036946 | G15: =A15/(4*(10^-7)) -> 259841500 | H15: =ABS((G15*(E15-F15))/10000) -> 1.4881997 | I15: =A15/(1.2*(10^-7)) -> 8.6613833e+08 | J15: =(I15*(E15-0.000513))/10000 -> 591.86881 | L15: =(A15/(4*10^-7))*((1/D15)-(1/A15)) -> -576212.89 | M15: =(A15/(1.2*10^-7))*((1/B15)-(1/1949)) -> 5918615.6 | N15: =L15+M15 -> 5342402.7
A16: 98.3472 | B16: 144.6739 | C16: 148.7505 | D16: 130.266 | E16: =1/B16 -> 0.0069120968 | F16: =1/D16 -> 0.0076766002 | G16: =A16/(4*(10^-7)) -> 245868000 | H16: =ABS((G16*(E16-F16))/10000) -> 18.796692 | I16: =A16/(1.2*(10^-7)) -> 819560000 | J16: =(I16*(E16-0.000513))/10000 -> 524.44438 | L16: =(A16/(4*10^-7))*((1/D16)-(1/A16)) -> -612569.67 | M16: =(A16/(1.2*10^-7))*((1/B16)-(1/1949)) -> 5244375.2 | N16: =L16+M16 -> 4631805.6
A17: 93.9267 | B17: 136.368 | C17: 141.0962 | D17: 122.2248 | E17: =1/B17 -> 0.0073330987 | F17: =1/D17 -> 0.0081816456 | G17: =A17/(4*(10^-7)) -> 234816750 | H17: =ABS((G17*(E17-F17))/10000) -> 19.925304 | I17: =A17/(1.2*(10^-7)) -> 782722500 | J17: =(I17*(E17-0.000513))/10000 -> 533.82447 | L17: =(A17/(4*10^-7))*((1/D17)-(1/A17)) -> -578812.56 | M17: =(A17/(1.2*10^-7))*((1/B17)-(1/1949)) -> 5338179.2 | N17: =L17+M17 -> 4759366.7
... A334: 26.6663 | B334: 24.7195 | C334: 25.0856 | D334: 24.0265 | E334: =1/B334 -> 0.040453893 | F334: =1/D334 -> 0.04162071 | G334: =A334/(4*(10^-7)) -> 66665750 | H334: =ABS((G334*(E334-F334))/10000) -> 7.7786783 | I334: =A334/(1.2*(10^-7)) -> 2.2221917e+08 | J334: =(I334*(E334-0.000513))/10000 -> 887.56319 | L334: =(A334/(4*10^-7))*((1/D334)-(1/A334)) -> 274675.88 | M334: =(A334/(1.2*10^-7))*((1/B334)-(1/1949)) -> 8875613.3 | N334: =L334+M334 -> 9150289.2

Sheet Planilha7
A1: %Well | B1: : | C1: 3-BRSA-1132-RJS | D1: : | E1: 43133 | F1: 0.58302083 | J1: RT RXO | M1: AORT and AO90 | P1: AO90 and A10 | S1: AO90 and RXO | V1: RT abd AO10 | Y1: AO90 and AO60 | AA1: AO60 AO20 | AC1: AO60 AO30 | AE1: AO60 AO10 | AG1: AO30 AO10 | AJ1: AO30 AO20 | AM1: AO20 AO10 | AP1: AO10 RXO
A2: %DEPTH | B2: AO10 | C2: AO20 | D2: AO30 | E2: AO60 | F2: AO90 | G2: AORT | H2: AORX | P2: Fracture Diping
A3: %M | B3: ohm,m | C3: ohm,m | D3: ohm,m | E3: ohm,m | F3: ohm,m | G3: ohm,m | H3: ohm,m
A5: 5574.9825 | B5: 272.2705 | C5: 302.0356 | D5: 413.7392 | E5: 292.4842 | F5: 271.66 | G5: 291.7903 | H5: 221.9146 | I5: =ATAN(1) -> 0.78539816 | J5: =(G5-H5)/((H5*G5)^0.5) -> 0.27459828 | K5: =IF(J5>0.1,"SUB-VERTICAL",IF(J5<0,"SUB-HORIZONTAL","MERGULHO")) -> SUB-VERTICAL | L5: =IF(K5="SUB-VERTICAL","1",IF(K5="SUB-HORIZONTAL","2","3")) -> 1 | M5: =(G5-F5)/((G5*F5)^0.5) -> 0.07149933 | N5: =IF(M5>0.1,"SUB-VERTICAL",IF(M5<0,"SUB-HORIZONTAL","MERGULHO")) -> MERGULHO | P5: =(F5-B5)/((F5*B5)^0.5) -> -0.0022447735 | Q5: =IF(P5>0.1,"SUB-VERTICAL",IF(P5<0,"SUB-HORIZONTAL","MERGULHO")) -> SUB-HORIZONTAL | S5: =(F5-H5)/((F5*H5)^0.5) -> 0.20260359 | T5: =IF(S5>0.1,"SUB-VERTICAL",IF(S5<0,"SUB-HORIZONTAL","MERGULHO")) -> SUB-VERTICAL | V5: =(G5-B5)/((G5*B5)^0.5) -> 0.069253168 | W5: =IF(V5>0.1,"SUB-VERTICAL",IF(V5<0,"SUB-HORIZONTAL","MERGULHO")) -> MERGULHO | Y5: =(F5-E5)/((F5*E5)^0.5) -> -0.073876153 | Z5: =IF(Y5>0.1,"SUB-VERTICAL",IF(Y5<0,"SUB-HORIZONTAL","MERGULHO")) -> SUB-HORIZONTAL | AA5: =(E5-C5)/((E5*C5)^0.5) -> -0.032135626 | AB5: =(IF(AA5>0.1,"SUB-VERTICAL",IF(AA5<0,"SUB-HORIZONTAL","MERGULHO"))) -> SUB-HORIZONTAL | AC5: =(E5-D5)/((E5*D5)^0.5) -> -0.34856607 | AD5: =IF(AC5>0.1,"SUB-VERTICAL",IF(AC5<0,"SUB-HORIZONTAL","MERGULHO")) -> SUB-HORIZONTAL | AE5: =(E5-B5)/((E5*B5)^0.5) -> 0.071629895 | AF5: =IF(AE5>0.1,"SUB-VERTICAL",IF(AE5<0,"SUB-HORIZONTAL","MERGULHO")) -> MERGULHO | AG5: =(D5-B5)/((D5*B5)^0.5) -> 0.42149918 | AH5: =IF(AG5>0.1,"SUB-VERTICAL",IF(AG5<0,"SUB-HORIZONTAL","MERGULHO")) -> SUB-VERTICAL | AJ5: =(D5-C5)/((D5*C5)^0.5) -> 0.31599104 | AK5: =IF(AG5>0.1,"SUB-VERTICAL",IF(AG5<0,"SUB-HORIZONTAL","MERGULHO")) -> SUB-VERTICAL | AM5: =(C5-B5)/((C5*B5)^0.5) -> 0.10379537 | AN5: =IF(AM5>0.1,"SUB-VERTICAL",IF(AM5<0,"SUB-HORIZONTAL","MERGULHO")) -> SUB-VERTICAL | AP5: =(B5-H5)/((B5*H5)^0.5) -> 0.20485998 | AQ5: =IF(AP5>0.1,"SUB-VERTICAL",IF(AP5<0,"SUB-HORIZONTAL","MERGULHO")) -> SUB-VERTICAL
A6: 5575.0587 | B6: 244.2342 | C6: 258.602 | D6: 337.6454 | E6: 267.3022 | F6: 249.0079 | G6: 263.5609 | H6: 200.8569 | J6: =(G6-H6)/((H6*G6)^0.5) -> 0.27252816 | K6: =IF(J6>0.1,"SUB-VERTICAL",IF(J6<0,"SUB-HORIZONTAL","MERGULHO")) -> SUB-VERTICAL | L6: =IF(K6="SUB-VERTICAL","1",IF(K6="SUB-HORIZONTAL","2","3")) -> 1 | M6: =(G6-F6)/((G6*F6)^0.5) -> 0.056807474 | N6: =IF(M6>0.1,"SUB-VERTICAL",IF(M6<0,"SUB-HORIZONTAL","MERGULHO")) -> MERGULHO | P6: =(F6-B6)/((F6*B6)^0.5) -> 0.019357324 | Q6: =IF(P6>0.1,"SUB-VERTICAL",IF(P6<0,"SUB-HORIZONTAL","MERGULHO")) -> MERGULHO | S6: =(F6-H6)/((F6*H6)^0.5) -> 0.21530562 | T6: =IF(S6>0.1,"SUB-VERTICAL",IF(S6<0,"SUB-HORIZONTAL","MERGULHO")) -> SUB-VERTICAL | V6: =(G6-B6)/((G6*B6)^0.5) -> 0.076175265 | W6: =IF(V6>0.1,"SUB-VERTICAL",IF(V6<0,"SUB-HORIZONTAL","MERGULHO")) -> MERGULHO | Y6: =(F6-E6)/((F6*E6)^0.5) -> -0.070910079 | Z6: =IF(Y6>0.1,"SUB-VERTICAL",IF(Y6<0,"SUB-HORIZONTAL","MERGULHO")) -> SUB-HORIZONTAL | AA6: =(E6-C6)/((E6*C6)^0.5) -> 0.033091163 | AB6: =(IF(AA6>0.1,"SUB-VERTICAL",IF(AA6<0,"SUB-HORIZONTAL","MERGULHO"))) -> MERGULHO | AC6: =(E6-D6)/((E6*D6)^0.5) -> -0.23414799 | AD6: =IF(AC6>0.1,"SUB-VERTICAL",IF(AC6<0,"SUB-HORIZONTAL","MERGULHO")) -> SUB-HORIZONTAL | AE6: =(E6-B6)/((E6*B6)^0.5) -> 0.090282887 | AF6: =IF(AE6>0.1,"SUB-VERTICAL",IF(AE6<0,"SUB-HORIZONTAL","MERGULHO")) -> MERGULHO | AG6: =(D6-B6)/((D6*B6)^0.5) -> 0.32528594 | AH6: =IF(AG6>0.1,"SUB-VERTICAL",IF(AG6<0,"SUB-HORIZONTAL","MERGULHO")) -> SUB-VERTICAL | AJ6: =(D6-C6)/((D6*C6)^0.5) -> 0.26749721 | AK6: =IF(AJ6>0.1,"SUB-VERTICAL",IF(AJ6<0,"SUB-HORIZONTAL","MERGULHO")) -> SUB-VERTICAL | AM6: =(C6-B6)/((C6*B6)^0.5) -> 0.057170382 | AN6: =IF(AM6>0.1,"SUB-VERTICAL",IF(AM6<0,"SUB-HORIZONTAL","MERGULHO")) -> MERGULHO | AP6: =(B6-H6)/((B6*H6)^0.5) -> 0.19584654 | AQ6: =IF(AP6>0.1,"SUB-VERTICAL",IF(AP6<0,"SUB-HORIZONTAL","MERGULHO")) -> SUB-VERTICAL
A7: 5575.1349 | B7: 198.2799 | C7: 216.3792 | D7: 269.1673 | E7: 231.3244 | F7: 216.5693 | G7: 230.409 | H7: 181.7894 | J7: =(G7-H7)/((H7*G7)^0.5) -> 0.23756222 | K7: =IF(J7>0.1,"SUB-VERTICAL",IF(J7<0,"SUB-HORIZONTAL","MERGULHO")) -> SUB-VERTICAL | L7: =IF(K7="SUB-VERTICAL","1",IF(K7="SUB-HORIZONTAL","2","3")) -> 1 | M7: =(G7-F7)/((G7*F7)^0.5) -> 0.061955307 | N7: =IF(M7>0.1,"SUB-VERTICAL",IF(M7<0,"SUB-HORIZONTAL","MERGULHO")) -> MERGULHO | P7: =(F7-B7)/((F7*B7)^0.5) -> 0.088259541 | Q7: =IF(P7>0.1,"SUB-VERTICAL",IF(P7<0,"SUB-HORIZONTAL","MERGULHO")) -> MERGULHO | S7: =(F7-H7)/((F7*H7)^0.5) -> 0.17528534 | T7: =IF(S7>0.1,"SUB-VERTICAL",IF(S7<0,"SUB-HORIZONTAL","MERGULHO")) -> SUB-VERTICAL | V7: =(G7-B7)/((G7*B7)^0.5) -> 0.15031748 | W7: =IF(V7>0.1,"SUB-VERTICAL",IF(V7<0,"SUB-HORIZONTAL","MERGULHO")) -> SUB-VERTICAL | Y7: =(F7-E7)/((F7*E7)^0.5) -> -0.065922397 | Z7: =IF(Y7>0.1,"SUB-VERTICAL",IF(Y7<0,"SUB-HORIZONTAL","MERGULHO")) -> SUB-HORIZONTAL | AA7: =(E7-C7)/((E7*C7)^0.5) -> 0.066801045 | AB7: =(IF(AA7>0.1,"SUB-VERTICAL",IF(AA7<0,"SUB-HORIZONTAL","MERGULHO"))) -> MERGULHO | AC7: =(E7-D7)/((E7*D7)^0.5) -> -0.15165703 | AD7: =IF(AC7>0.1,"SUB-VERTICAL",IF(AC7<0,"SUB-HORIZONTAL","MERGULHO")) -> SUB-HORIZONTAL | AE7: =(E7-B7)/((E7*B7)^0.5) -> 0.15429403 | AF7: =IF(AE7>0.1,"SUB-VERTICAL",IF(AE7<0,"SUB-HORIZONTAL","MERGULHO")) -> SUB-VERTICAL | AG7: =(D7-B7)/((D7*B7)^0.5) -> 0.30684465 | AH7: =IF(AG7>0.1,"SUB-VERTICAL",IF(AG7<0,"SUB-HORIZONTAL","MERGULHO")) -> SUB-VERTICAL | AJ7: =(D7-C7)/((D7*C7)^0.5) -> 0.21873442 | AK7: =IF(AJ7>0.1,"SUB-VERTICAL",IF(AJ7<0,"SUB-HORIZONTAL","MERGULHO")) -> SUB-VERTICAL | AM7: =(C7-B7)/((C7*B7)^0.5) -> 0.087380531 | AN7: =IF(AM7>0.1,"SUB-VERTICAL",IF(AM7<0,"SUB-HORIZONTAL","MERGULHO")) -> MERGULHO | AP7: =(B7-H7)/((B7*H7)^0.5) -> 0.086858075 | AQ7: =IF(AP7>0.1,"SUB-VERTICAL",IF(AP7<0,"SUB-HORIZONTAL","MERGULHO")) -> MERGULHO
A8: 5575.2111 | B8: 161.8855 | C8: 185.2102 | D8: 230.8411 | E8: 214.3378 | F8: 201.1833 | G8: 214.9433 | H8: 169.652 | J8: =(G8-H8)/((H8*G8)^0.5) -> 0.23717742 | K8: =IF(J8>0.1,"SUB-VERTICAL",IF(J8<0,"SUB-HORIZONTAL","MERGULHO")) -> SUB-VERTICAL | L8: =IF(K8="SUB-VERTICAL","1",IF(K8="SUB-HORIZONTAL","2","3")) -> 1 | M8: =(G8-F8)/((G8*F8)^0.5) -> 0.066169905 | N8: =IF(M8>0.1,"SUB-VERTICAL",IF(M8<0,"SUB-HORIZONTAL","MERGULHO")) -> MERGULHO | P8: =(F8-B8)/((F8*B8)^0.5) -> 0.21775508 | Q8: =IF(P8>0.1,"SUB-VERTICAL",IF(P8<0,"SUB-HORIZONTAL","MERGULHO")) -> SUB-VERTICAL | S8: =(F8-H8)/((F8*H8)^0.5) -> 0.17067363 | T8: =IF(S8>0.1,"SUB-VERTICAL",IF(S8<0,"SUB-HORIZONTAL","MERGULHO")) -> SUB-VERTICAL | V8: =(G8-B8)/((G8*B8)^0.5) -> 0.28443518 | W8: =IF(V8>0.1,"SUB-VERTICAL",IF(V8<0,"SUB-HORIZONTAL","MERGULHO")) -> SUB-VERTICAL | Y8: =(F8-E8)/((F8*E8)^0.5) -> -0.06334743 | Z8: =IF(Y8>0.1,"SUB-VERTICAL",IF(Y8<0,"SUB-HORIZONTAL","MERGULHO")) -> SUB-HORIZONTAL | AA8: =(E8-C8)/((E8*C8)^0.5) -> 0.14619175 | AB8: =(IF(AA8>0.1,"SUB-VERTICAL",IF(AA8<0,"SUB-HORIZONTAL","MERGULHO"))) -> SUB-VERTICAL | AC8: =(E8-D8)/((E8*D8)^0.5) -> -0.074193326 | AD8: =IF(AC8>0.1,"SUB-VERTICAL",IF(AC8<0,"SUB-HORIZONTAL","MERGULHO")) -> SUB-HORIZONTAL | AE8: =(E8-B8)/((E8*B8)^0.5) -> 0.28158608 | AF8: =IF(AE8>0.1,"SUB-VERTICAL",IF(AE8<0,"SUB-HORIZONTAL","MERGULHO")) -> SUB-VERTICAL | AG8: =(D8-B8)/((D8*B8)^0.5) -> 0.35670484 | AH8: =IF(AG8>0.1,"SUB-VERTICAL",IF(AG8<0,"SUB-HORIZONTAL","MERGULHO")) -> SUB-VERTICAL | AJ8: =(D8-C8)/((D8*C8)^0.5) -> 0.22068358 | AK8: =IF(AJ8>0.1,"SUB-VERTICAL",IF(AJ8<0,"SUB-HORIZONTAL","MERGULHO")) -> SUB-VERTICAL | AM8: =(C8-B8)/((C8*B8)^0.5) -> 0.13470374 | AN8: =IF(AM8>0.1,"SUB-VERTICAL",IF(AM8<0,"SUB-HORIZONTAL","MERGULHO")) -> SUB-VERTICAL | AP8: =(B8-H8)/((B8*H8)^0.5) -> -0.046864272 | AQ8: =IF(AP8>0.1,"SUB-VERTICAL",IF(AP8<0,"SUB-HORIZONTAL","MERGULHO")) -> SUB-HORIZONTAL
A9: 5575.2873 | B9: 154.5627 | C9: 175.0008 | D9: 217.0409 | E9: 205.246 | F9: 192.7874 | G9: 204.9922 | H9: 158.5866 | J9: =(G9-H9)/((H9*G9)^0.5) -> 0.25737626 | K9: =IF(J9>0.1,"SUB-VERTICAL",IF(J9<0,"SUB-HORIZONTAL","MERGULHO")) -> SUB-VERTICAL | L9: =IF(K9="SUB-VERTICAL","1",IF(K9="SUB-HORIZONTAL","2","3")) -> 1 | M9: =(G9-F9)/((G9*F9)^0.5) -> 0.06139354 | N9: =IF(M9>0.1,"SUB-VERTICAL",IF(M9<0,"SUB-HORIZONTAL","MERGULHO")) -> MERGULHO | P9: =(F9-B9)/((F9*B9)^0.5) -> 0.22143813 | Q9: =IF(P9>0.1,"SUB-VERTICAL",IF(P9<0,"SUB-HORIZONTAL","MERGULHO")) -> SUB-VERTICAL | S9: =(F9-H9)/((F9*H9)^0.5) -> 0.19559768 | T9: =IF(S9>0.1,"SUB-VERTICAL",IF(S9<0,"SUB-HORIZONTAL","MERGULHO")) -> SUB-VERTICAL | V9: =(G9-B9)/((G9*B9)^0.5) -> 0.28331114 | W9: =IF(V9>0.1,"SUB-VERTICAL",IF(V9<0,"SUB-HORIZONTAL","MERGULHO")) -> SUB-VERTICAL | Y9: =(F9-E9)/((F9*E9)^0.5) -> -0.062631465 | Z9: =IF(Y9>0.1,"SUB-VERTICAL",IF(Y9<0,"SUB-HORIZONTAL","MERGULHO")) -> SUB-HORIZONTAL | AA9: =(E9-C9)/((E9*C9)^0.5) -> 0.15958758 | AB9: =(IF(AA9>0.1,"SUB-VERTICAL",IF(AA9<0,"SUB-HORIZONTAL","MERGULHO"))) -> SUB-VERTICAL | AC9: =(E9-D9)/((E9*D9)^0.5) -> -0.055883825 | AD9: =IF(AC9>0.1,"SUB-VERTICAL",IF(AC9<0,"SUB-HORIZONTAL","MERGULHO")) -> SUB-HORIZONTAL | AE9: =(E9-B9)/((E9*B9)^0.5) -> 0.28456087 | AF9: =IF(AE9>0.1,"SUB-VERTICAL",IF(AE9<0,"SUB-HORIZONTAL","MERGULHO")) -> SUB-VERTICAL | AG9: =(D9-B9)/((D9*B9)^0.5) -> 0.34111858 | AH9: =IF(AG9>0.1,"SUB-VERTICAL",IF(AG9<0,"SUB-HORIZONTAL","MERGULHO")) -> SUB-VERTICAL | AJ9: =(D9-C9)/((D9*C9)^0.5) -> 0.21571132 | AK9: =IF(AJ9>0.1,"SUB-VERTICAL",IF(AJ9<0,"SUB-HORIZONTAL","MERGULHO")) -> SUB-VERTICAL | AM9: =(C9-B9)/((C9*B9)^0.5) -> 0.12427053 | AN9: =IF(AM9>0.1,"SUB-VERTICAL",IF(AM9<0,"SUB-HORIZONTAL","MERGULHO")) -> SUB-VERTICAL | AP9: =(B9-H9)/((B9*H9)^0.5) -> -0.025701684 | AQ9: =IF(AP9>0.1,"SUB-VERTICAL",IF(AP9<0,"SUB-HORIZONTAL","MERGULHO")) -> SUB-HORIZONTAL
A10: 5575.3635 | B10: 147.7557 | C10: 179.7718 | D10: 213.0172 | E10: 199.9811 | F10: 188.4116 | G10: 199.6382 | H10: 143.0686 | J10: =(G10-H10)/((H10*G10)^0.5) -> 0.33472575 | K10: =IF(J10>0.1,"SUB-VERTICAL",IF(J10<0,"SUB-HORIZONTAL","MERGULHO")) -> SUB-VERTICAL | L10: =IF(K10="SUB-VERTICAL","1",IF(K10="SUB-HORIZONTAL","2","3")) -> 1 | M10: =(G10-F10)/((G10*F10)^0.5) -> 0.057885876 | N10: =IF(M10>0.1,"SUB-VERTICAL",IF(M10<0,"SUB-HORIZONTAL","MERGULHO")) -> MERGULHO | P10: =(F10-B10)/((F10*B10)^0.5) -> 0.24366752 | Q10: =IF(P10>0.1,"SUB-VERTICAL",IF(P10<0,"SUB-HORIZONTAL","MERGULHO")) -> SUB-VERTICAL | S10: =(F10-H10)/((F10*H10)^0.5) -> 0.27617494 | T10: =IF(S10>0.1,"SUB-VERTICAL",IF(S10<0,"SUB-HORIZONTAL","MERGULHO")) -> SUB-VERTICAL | V10: =(G10-B10)/((G10*B10)^0.5) -> 0.30208346 | W10: =IF(V10>0.1,"SUB-VERTICAL",IF(V10<0,"SUB-HORIZONTAL","MERGULHO")) -> SUB-VERTICAL | Y10: =(F10-E10)/((F10*E10)^0.5) -> -0.05960275 | Z10: =IF(Y10>0.1,"SUB-VERTICAL",IF(Y10<0,"SUB-HORIZONTAL","MERGULHO")) -> SUB-HORIZONTAL | AA10: =(E10-C10)/((E10*C10)^0.5) -> 0.10658498 | AB10: =(IF(AA10>0.1,"SUB-VERTICAL",IF(AA10<0,"SUB-HORIZONTAL","MERGULHO"))) -> SUB-VERTICAL | AC10: =(E10-D10)/((E10*D10)^0.5) -> -0.063160545 | AD10: =IF(AC10>0.1,"SUB-VERTICAL",IF(AC10<0,"SUB-HORIZONTAL","MERGULHO")) -> SUB-HORIZONTAL | AE10: =(E10-B10)/((E10*B10)^0.5) -> 0.30381917 | AF10: =IF(AE10>0.1,"SUB-VERTICAL",IF(AE10<0,"SUB-HORIZONTAL","MERGULHO")) -> SUB-VERTICAL | AG10: =(D10-B10)/((D10*B10)^0.5) -> 0.36785579 | AH10: =IF(AG10>0.1,"SUB-VERTICAL",IF(AG10<0,"SUB-HORIZONTAL","MERGULHO")) -> SUB-VERTICAL | AJ10: =(D10-C10)/((D10*C10)^0.5) -> 0.16988829 | AK10: =IF(AJ10>0.1,"SUB-VERTICAL",IF(AJ10<0,"SUB-HORIZONTAL","MERGULHO")) -> SUB-VERTICAL | AM10: =(C10-B10)/((C10*B10)^0.5) -> 0.19644253 | AN10: =IF(AM10>0.1,"SUB-VERTICAL",IF(AM10<0,"SUB-HORIZONTAL","MERGULHO")) -> SUB-VERTICAL | AP10: =(B10-H10)/((B10*H10)^0.5) -> 0.032237394 | AQ10: =IF(AP10>0.1,"SUB-VERTICAL",IF(AP10<0,"SUB-HORIZONTAL","MERGULHO")) -> MERGULHO
A11: 5575.4397 | B11: 148.0392 | C11: 169.9331 | D11: 198.7945 | E11: 189.3501 | F11: 178.8564 | G11: 188.6397 | H11: 134.8949 | J11: =(G11-H11)/((H11*G11)^0.5) -> 0.33691639 | K11: =IF(J11>0.1,"SUB-VERTICAL",IF(J11<0,"SUB-HORIZONTAL","MERGULHO")) -> SUB-VERTICAL | L11: =IF(K11="SUB-VERTICAL","1",IF(K11="SUB-HORIZONTAL","2","3")) -> 1 | M11: =(G11-F11)/((G11*F11)^0.5) -> 0.053261891 | N11: =IF(M11>0.1,"SUB-VERTICAL",IF(M11<0,"SUB-HORIZONTAL","MERGULHO")) -> MERGULHO | P11: =(F11-B11)/((F11*B11)^0.5) -> 0.18938805 | Q11: =IF(P11>0.1,"SUB-VERTICAL",IF(P11<0,"SUB-HORIZONTAL","MERGULHO")) -> SUB-VERTICAL | S11: =(F11-H11)/((F11*H11)^0.5) -> 0.2830235 | T11: =IF(S11>0.1,"SUB-VERTICAL",IF(S11<0,"SUB-HORIZONTAL","MERGULHO")) -> SUB-VERTICAL | V11: =(G11-B11)/((G11*B11)^0.5) -> 0.24295535 | W11: =IF(V11>0.1,"SUB-VERTICAL",IF(V11<0,"SUB-HORIZONTAL","MERGULHO")) -> SUB-VERTICAL | Y11: =(F11-E11)/((F11*E11)^0.5) -> -0.057022156 | Z11: =IF(Y11>0.1,"SUB-VERTICAL",IF(Y11<0,"SUB-HORIZONTAL","MERGULHO")) -> SUB-HORIZONTAL | AA11: =(E11-C11)/((E11*C11)^0.5) -> 0.10824563 | AB11: =(IF(AA11>0.1,"SUB-VERTICAL",IF(AA11<0,"SUB-HORIZONTAL","MERGULHO"))) -> SUB-VERTICAL | AC11: =(E11-D11)/((E11*D11)^0.5) -> -0.04867875 | AD11: =IF(AC11>0.1,"SUB-VERTICAL",IF(AC11<0,"SUB-HORIZONTAL","MERGULHO")) -> SUB-HORIZONTAL | AE11: =(E11-B11)/((E11*B11)^0.5) -> 0.24674225 | AF11: =IF(AE11>0.1,"SUB-VERTICAL",IF(AE11<0,"SUB-HORIZONTAL","MERGULHO")) -> SUB-VERTICAL | AG11: =(D11-B11)/((D11*B11)^0.5) -> 0.29586313 | AH11: =IF(AG11>0.1,"SUB-VERTICAL",IF(AG11<0,"SUB-HORIZONTAL","MERGULHO")) -> SUB-VERTICAL | AJ11: =(D11-C11)/((D11*C11)^0.5) -> 0.15702768 | AK11: =IF(AJ11>0.1,"SUB-VERTICAL",IF(AJ11<0,"SUB-HORIZONTAL","MERGULHO")) -> SUB-VERTICAL | AM11: =(C11-B11)/((C11*B11)^0.5) -> 0.13803708 | AN11: =IF(AM11>0.1,"SUB-VERTICAL",IF(AM11<0,"SUB-HORIZONTAL","MERGULHO")) -> SUB-VERTICAL | AP11: =(B11-H11)/((B11*H11)^0.5) -> 0.093014645 | AQ11: =IF(AP11>0.1,"SUB-VERTICAL",IF(AP11<0,"SUB-HORIZONTAL","MERGULHO")) -> MERGULHO
A12: 5575.5159 | B12: 149.4117 | C12: 145.5879 | D12: 171.2837 | E12: 171.9228 | F12: 162.9519 | G12: 170.4498 | H12: 125.2556 | J12: =(G12-H12)/((H12*G12)^0.5) -> 0.30930424 | K12: =IF(J12>0.1,"SUB-VERTICAL",IF(J12<0,"SUB-HORIZONTAL","MERGULHO")) -> SUB-VERTICAL | L12: =IF(K12="SUB-VERTICAL","1",IF(K12="SUB-HORIZONTAL","2","3")) -> 1 | M12: =(G12-F12)/((G12*F12)^0.5) -> 0.044989553 | N12: =IF(M12>0.1,"SUB-VERTICAL",IF(M12<0,"SUB-HORIZONTAL","MERGULHO")) -> MERGULHO | P12: =(F12-B12)/((F12*B12)^0.5) -> 0.086776686 | Q12: =IF(P12>0.1,"SUB-VERTICAL",IF(P12<0,"SUB-HORIZONTAL","MERGULHO")) -> MERGULHO | S12: =(F12-H12)/((F12*H12)^0.5) -> 0.2638581 | T12: =IF(S12>0.1,"SUB-VERTICAL",IF(S12<0,"SUB-HORIZONTAL","MERGULHO")) -> SUB-VERTICAL | V12: =(G12-B12)/((G12*B12)^0.5) -> 0.13183052 | W12: =IF(V12>0.1,"SUB-VERTICAL",IF(V12<0,"SUB-HORIZONTAL","MERGULHO")) -> SUB-VERTICAL | Y12: =(F12-E12)/((F12*E12)^0.5) -> -0.053596887 | Z12: =IF(Y12>0.1,"SUB-VERTICAL",IF(Y12<0,"SUB-HORIZONTAL","MERGULHO")) -> SUB-HORIZONTAL | AA12: =(E12-C12)/((E12*C12)^0.5) -> 0.16645709 | AB12: =(IF(AA12>0.1,"SUB-VERTICAL",IF(AA12<0,"SUB-HORIZONTAL","MERGULHO"))) -> SUB-VERTICAL | AC12: =(E12-D12)/((E12*D12)^0.5) -> 0.0037242949 | AD12: =IF(AC12>0.1,"SUB-VERTICAL",IF(AC12<0,"SUB-HORIZONTAL","MERGULHO")) -> MERGULHO | AE12: =(E12-B12)/((E12*B12)^0.5) -> 0.14045515 | AF12: =IF(AE12>0.1,"SUB-VERTICAL",IF(AE12<0,"SUB-HORIZONTAL","MERGULHO")) -> SUB-VERTICAL | AG12: =(D12-B12)/((D12*B12)^0.5) -> 0.13672193 | AH12: =IF(AG12>0.1,"SUB-VERTICAL",IF(AG12<0,"SUB-HORIZONTAL","MERGULHO")) -> SUB-VERTICAL | AJ12: =(D12-C12)/((D12*C12)^0.5) -> 0.16272021 | AK12: =IF(AJ12>0.1,"SUB-VERTICAL",IF(AJ12<0,"SUB-HORIZONTAL","MERGULHO")) -> SUB-VERTICAL | AM12: =(C12-B12)/((C12*B12)^0.5) -> -0.025926281 | AN12: =IF(AM12>0.1,"SUB-VERTICAL",IF(AM12<0,"SUB-HORIZONTAL","MERGULHO")) -> SUB-HORIZONTAL | AP12: =(B12-H12)/((B12*H12)^0.5) -> 0.17657773 | AQ12: =IF(AP12>0.1,"SUB-VERTICAL",IF(AP12<0,"SUB-HORIZONTAL","MERGULHO")) -> SUB-VERTICAL
A13: 5575.5921 | B13: 144.7914 | C13: 130.0799 | D13: 149.3136 | E13: 147.3416 | F13: 140.3855 | G13: 146.8832 | H13: 121.2716 | J13: =(G13-H13)/((H13*G13)^0.5) -> 0.19189829 | K13: =IF(J13>0.1,"SUB-VERTICAL",IF(J13<0,"SUB-HORIZONTAL","MERGULHO")) -> SUB-VERTICAL | L13: =IF(K13="SUB-VERTICAL","1",IF(K13="SUB-HORIZONTAL","2","3")) -> 1 | M13: =(G13-F13)/((G13*F13)^0.5) -> 0.045249363 | N13: =IF(M13>0.1,"SUB-VERTICAL",IF(M13<0,"SUB-HORIZONTAL","MERGULHO")) -> MERGULHO | P13: =(F13-B13)/((F13*B13)^0.5) -> -0.030903106 | Q13: =IF(P13>0.1,"SUB-VERTICAL",IF(P13<0,"SUB-HORIZONTAL","MERGULHO")) -> SUB-HORIZONTAL | S13: =(F13-H13)/((F13*H13)^0.5) -> 0.14649022 | T13: =IF(S13>0.1,"SUB-VERTICAL",IF(S13<0,"SUB-HORIZONTAL","MERGULHO")) -> SUB-VERTICAL | V13: =(G13-B13)/((G13*B13)^0.5) -> 0.01434375 | W13: =IF(V13>0.1,"SUB-VERTICAL",IF(V13<0,"SUB-HORIZONTAL","MERGULHO")) -> MERGULHO | Y13: =(F13-E13)/((F13*E13)^0.5) -> -0.048366204 | Z13: =IF(Y13>0.1,"SUB-VERTICAL",IF(Y13<0,"SUB-HORIZONTAL","MERGULHO")) -> SUB-HORIZONTAL | AA13: =(E13-C13)/((E13*C13)^0.5) -> 0.12468545 | AB13: =(IF(AA13>0.1,"SUB-VERTICAL",IF(AA13<0,"SUB-HORIZONTAL","MERGULHO"))) -> SUB-VERTICAL | AC13: =(E13-D13)/((E13*D13)^0.5) -> -0.01329519 | AD13: =IF(AC13>0.1,"SUB-VERTICAL",IF(AC13<0,"SUB-HORIZONTAL","MERGULHO")) -> SUB-HORIZONTAL | AE13: =(E13-B13)/((E13*B13)^0.5) -> 0.017459836 | AF13: =IF(AE13>0.1,"SUB-VERTICAL",IF(AE13<0,"SUB-HORIZONTAL","MERGULHO")) -> MERGULHO | AG13: =(D13-B13)/((D13*B13)^0.5) -> 0.030755918 | AH13: =IF(AG13>0.1,"SUB-VERTICAL",IF(AG13<0,"SUB-HORIZONTAL","MERGULHO")) -> MERGULHO | AJ13: =(D13-C13)/((D13*C13)^0.5) -> 0.13800921 | AK13: =IF(AJ13>0.1,"SUB-VERTICAL",IF(AJ13<0,"SUB-HORIZONTAL","MERGULHO")) -> SUB-VERTICAL | AM13: =(C13-B13)/((C13*B13)^0.5) -> -0.10719647 | AN13: =IF(AM13>0.1,"SUB-VERTICAL",IF(AM13<0,"SUB-HORIZONTAL","MERGULHO")) -> SUB-HORIZONTAL | AP13: =(B13-H13)/((B13*H13)^0.5) -> 0.1774936 | AQ13: =IF(AP13>0.1,"SUB-VERTICAL",IF(AP13<0,"SUB-HORIZONTAL","MERGULHO")) -> SUB-VERTICAL
A14: 5575.6683 | B14: 141.9917 | C14: 126.1878 | D14: 141.1382 | E14: 133.764 | F14: 127.9555 | G14: 134.0241 | H14: 113.7666 | J14: =(G14-H14)/((H14*G14)^0.5) -> 0.16405407 | K14: =IF(J14>0.1,"SUB-VERTICAL",IF(J14<0,"SUB-HORIZONTAL","MERGULHO")) -> SUB-VERTICAL | L14: =IF(K14="SUB-VERTICAL","1",IF(K14="SUB-HORIZONTAL","2","3")) -> 1 | M14: =(G14-F14)/((G14*F14)^0.5) -> 0.046341233 | N14: =IF(M14>0.1,"SUB-VERTICAL",IF(M14<0,"SUB-HORIZONTAL","MERGULHO")) -> MERGULHO | P14: =(F14-B14)/((F14*B14)^0.5) -> -0.10413305 | Q14: =IF(P14>0.1,"SUB-VERTICAL",IF(P14<0,"SUB-HORIZONTAL","MERGULHO")) -> SUB-HORIZONTAL | S14: =(F14-H14)/((F14*H14)^0.5) -> 0.11760123 | T14: =IF(S14>0.1,"SUB-VERTICAL",IF(S14<0,"SUB-HORIZONTAL","MERGULHO")) -> SUB-VERTICAL | V14: =(G14-B14)/((G14*B14)^0.5) -> -0.057756996 | W14: =IF(V14>0.1,"SUB-VERTICAL",IF(V14<0,"SUB-HORIZONTAL","MERGULHO")) -> SUB-HORIZONTAL | Y14: =(F14-E14)/((F14*E14)^0.5) -> -0.044398152 | Z14: =IF(Y14>0.1,"SUB-VERTICAL",IF(Y14<0,"SUB-HORIZONTAL","MERGULHO")) -> SUB-HORIZONTAL | AA14: =(E14-C14)/((E14*C14)^0.5) -> 0.058314039 | AB14: =(IF(AA14>0.1,"SUB-VERTICAL",IF(AA14<0,"SUB-HORIZONTAL","MERGULHO"))) -> MERGULHO | AC14: =(E14-D14)/((E14*D14)^0.5) -> -0.053668938 | AD14: =IF(AC14>0.1,"SUB-VERTICAL",IF(AC14<0,"SUB-HORIZONTAL","MERGULHO")) -> SUB-HORIZONTAL | AE14: =(E14-B14)/((E14*B14)^0.5) -> -0.059700414 | AF14: =IF(AE14>0.1,"SUB-VERTICAL",IF(AE14<0,"SUB-HORIZONTAL","MERGULHO")) -> SUB-HORIZONTAL | AG14: =(D14-B14)/((D14*B14)^0.5) -> -0.0060290621 | AH14: =IF(AG14>0.1,"SUB-VERTICAL",IF(AG14<0,"SUB-HORIZONTAL","MERGULHO")) -> SUB-HORIZONTAL | AJ14: =(D14-C14)/((D14*C14)^0.5) -> 0.11202678 | AK14: =IF(AJ14>0.1,"SUB-VERTICAL",IF(AJ14<0,"SUB-HORIZONTAL","MERGULHO")) -> SUB-VERTICAL | AM14: =(C14-B14)/((C14*B14)^0.5) -> -0.1180658 | AN14: =IF(AM14>0.1,"SUB-VERTICAL",IF(AM14<0,"SUB-HORIZONTAL","MERGULHO")) -> SUB-HORIZONTAL | AP14: =(B14-H14)/((B14*H14)^0.5) -> 0.22207344 | AQ14: =IF(AP14>0.1,"SUB-VERTICAL",IF(AP14<0,"SUB-HORIZONTAL","MERGULHO")) -> SUB-VERTICAL
A15: 5575.7445 | B15: 135.0677 | C15: 130.6984 | D15: 145.8697 | E15: 142.1967 | F15: 136.1207 | G15: 142.3432 | H15: 103.9366 | J15: =(G15-H15)/((H15*G15)^0.5) -> 0.31575719 | K15: =IF(J15>0.1,"SUB-VERTICAL",IF(J15<0,"SUB-HORIZONTAL","MERGULHO")) -> SUB-VERTICAL | L15: =IF(K15="SUB-VERTICAL","1",IF(K15="SUB-HORIZONTAL","2","3")) -> 1 | M15: =(G15-F15)/((G15*F15)^0.5) -> 0.044702772 | N15: =IF(M15>0.1,"SUB-VERTICAL",IF(M15<0,"SUB-HORIZONTAL","MERGULHO")) -> MERGULHO | P15: =(F15-B15)/((F15*B15)^0.5) -> 0.0077658774 | Q15: =IF(P15>0.1,"SUB-VERTICAL",IF(P15<0,"SUB-HORIZONTAL","MERGULHO")) -> MERGULHO | S15: =(F15-H15)/((F15*H15)^0.5) -> 0.27057959 | T15: =IF(S15>0.1,"SUB-VERTICAL",IF(S15<0,"SUB-HORIZONTAL","MERGULHO")) -> SUB-VERTICAL | V15: =(G15-B15)/((G15*B15)^0.5) -> 0.052470926 | W15: =IF(V15>0.1,"SUB-VERTICAL",IF(V15<0,"SUB-HORIZONTAL","MERGULHO")) -> MERGULHO | Y15: =(F15-E15)/((F15*E15)^0.5) -> -0.043672788 | Z15: =IF(Y15>0.1,"SUB-VERTICAL",IF(Y15<0,"SUB-HORIZONTAL","MERGULHO")) -> SUB-HORIZONTAL | AA15: =(E15-C15)/((E15*C15)^0.5) -> 0.084343912 | AB15: =(IF(AA15>0.1,"SUB-VERTICAL",IF(AA15<0,"SUB-HORIZONTAL","MERGULHO"))) -> MERGULHO | AC15: =(E15-D15)/((E15*D15)^0.5) -> -0.025503138 | AD15: =IF(AC15>0.1,"SUB-VERTICAL",IF(AC15<0,"SUB-HORIZONTAL","MERGULHO")) -> SUB-HORIZONTAL | AE15: =(E15-B15)/((E15*B15)^0.5) -> 0.051440846 | AF15: =IF(AE15>0.1,"SUB-VERTICAL",IF(AE15<0,"SUB-HORIZONTAL","MERGULHO")) -> MERGULHO | AG15: =(D15-B15)/((D15*B15)^0.5) -> 0.076956601 | AH15: =IF(AG15>0.1,"SUB-VERTICAL",IF(AG15<0,"SUB-HORIZONTAL","MERGULHO")) -> MERGULHO | AJ15: =(D15-C15)/((D15*C15)^0.5) -> 0.10987658 | AK15: =IF(AJ15>0.1,"SUB-VERTICAL",IF(AJ15<0,"SUB-HORIZONTAL","MERGULHO")) -> SUB-VERTICAL | AM15: =(C15-B15)/((C15*B15)^0.5) -> -0.032885237 | AN15: =IF(AM15>0.1,"SUB-VERTICAL",IF(AM15<0,"SUB-HORIZONTAL","MERGULHO")) -> SUB-HORIZONTAL | AP15: =(B15-H15)/((B15*H15)^0.5) -> 0.262745 | AQ15: =IF(AP15>0.1,"SUB-VERTICAL",IF(AP15<0,"SUB-HORIZONTAL","MERGULHO")) -> SUB-VERTICAL
A16: 5575.8207 | B16: 130.266 | C16: 134.4763 | D16: 154.4576 | E16: 151.4387 | F16: 144.6739 | G16: 148.7505 | H16: 98.3472 | J16: =(G16-H16)/((H16*G16)^0.5) -> 0.41672423 | K16: =IF(J16>0.1,"SUB-VERTICAL",IF(J16<0,"SUB-HORIZONTAL","MERGULHO")) -> SUB-VERTICAL | L16: =IF(K16="SUB-VERTICAL","1",IF(K16="SUB-HORIZONTAL","2","3")) -> 1 | M16: =(G16-F16)/((G16*F16)^0.5) -> 0.027789056 | N16: =IF(M16>0.1,"SUB-VERTICAL",IF(M16<0,"SUB-HORIZONTAL","MERGULHO")) -> MERGULHO | P16: =(F16-B16)/((F16*B16)^0.5) -> 0.10495184 | Q16: =IF(P16>0.1,"SUB-VERTICAL",IF(P16<0,"SUB-HORIZONTAL","MERGULHO")) -> SUB-VERTICAL | S16: =(F16-H16)/((F16*H16)^0.5) -> 0.38837858 | T16: =IF(S16>0.1,"SUB-VERTICAL",IF(S16<0,"SUB-HORIZONTAL","MERGULHO")) -> SUB-VERTICAL | V16: =(G16-B16)/((G16*B16)^0.5) -> 0.13278926 | W16: =IF(V16>0.1,"SUB-VERTICAL",IF(V16<0,"SUB-HORIZONTAL","MERGULHO")) -> SUB-VERTICAL | Y16: =(F16-E16)/((F16*E16)^0.5) -> -0.045702655 | Z16: =IF(Y16>0.1,"SUB-VERTICAL",IF(Y16<0,"SUB-HORIZONTAL","MERGULHO")) -> SUB-HORIZONTAL | AA16: =(E16-C16)/((E16*C16)^0.5) -> 0.11886281 | AB16: =(IF(AA16>0.1,"SUB-VERTICAL",IF(AA16<0,"SUB-HORIZONTAL","MERGULHO"))) -> SUB-VERTICAL | AC16: =(E16-D16)/((E16*D16)^0.5) -> -0.019739023 | AD16: =IF(AC16>0.1,"SUB-VERTICAL",IF(AC16<0,"SUB-HORIZONTAL","MERGULHO")) -> SUB-HORIZONTAL | AE16: =(E16-B16)/((E16*B16)^0.5) -> 0.15074478 | AF16: =IF(AE16>0.1,"SUB-VERTICAL",IF(AE16<0,"SUB-HORIZONTAL","MERGULHO")) -> SUB-VERTICAL | AG16: =(D16-B16)/((D16*B16)^0.5) -> 0.17054713 | AH16: =IF(AG16>0.1,"SUB-VERTICAL",IF(AG16<0,"SUB-HORIZONTAL","MERGULHO")) -> SUB-VERTICAL | AJ16: =(D16-C16)/((D16*C16)^0.5) -> 0.13864245 | AK16: =IF(AJ16>0.1,"SUB-VERTICAL",IF(AJ16<0,"SUB-HORIZONTAL","MERGULHO")) -> SUB-VERTICAL | AM16: =(C16-B16)/((C16*B16)^0.5) -> 0.031810803 | AN16: =IF(AM16>0.1,"SUB-VERTICAL",IF(AM16<0,"SUB-HORIZONTAL","MERGULHO")) -> MERGULHO | AP16: =(B16-H16)/((B16*H16)^0.5) -> 0.28200059 | AQ16: =IF(AP16>0.1,"SUB-VERTICAL",IF(AP16<0,"SUB-HORIZONTAL","MERGULHO")) -> SUB-VERTICAL
A17: 5575.8969 | B17: 122.2248 | C17: 135.6659 | D17: 156.9107 | E17: 142.3192 | F17: 136.368 | G17: 141.0962 | H17: 93.9267 | J17: =(G17-H17)/((H17*G17)^0.5) -> 0.40974068 | K17: =IF(J17>0.1,"SUB-VERTICAL",IF(J17<0,"SUB-HORIZONTAL","MERGULHO")) -> SUB-VERTICAL | L17: =IF(K17="SUB-VERTICAL","1",IF(K17="SUB-HORIZONTAL","2","3")) -> 1 | M17: =(G17-F17)/((G17*F17)^0.5) -> 0.034086463 | N17: =IF(M17>0.1,"SUB-VERTICAL",IF(M17<0,"SUB-HORIZONTAL","MERGULHO")) -> MERGULHO | P17: =(F17-B17)/((F17*B17)^0.5) -> 0.10954985 | Q17: =IF(P17>0.1,"SUB-VERTICAL",IF(P17<0,"SUB-HORIZONTAL","MERGULHO")) -> SUB-VERTICAL | S17: =(F17-H17)/((F17*H17)^0.5) -> 0.37500574 | T17: =IF(S17>0.1,"SUB-VERTICAL",IF(S17<0,"SUB-HORIZONTAL","MERGULHO")) -> SUB-VERTICAL | V17: =(G17-B17)/((G17*B17)^0.5) -> 0.14370332 | W17: =IF(V17>0.1,"SUB-VERTICAL",IF(V17<0,"SUB-HORIZONTAL","MERGULHO")) -> SUB-VERTICAL | Y17: =(F17-E17)/((F17*E17)^0.5) -> -0.042718556 | Z17: =IF(Y17>0.1,"SUB-VERTICAL",IF(Y17<0,"SUB-HORIZONTAL","MERGULHO")) -> SUB-HORIZONTAL | AA17: =(E17-C17)/((E17*C17)^0.5) -> 0.047881749 | AB17: =(IF(AA17>0.1,"SUB-VERTICAL",IF(AA17<0,"SUB-HORIZONTAL","MERGULHO"))) -> MERGULHO | AC17: =(E17-D17)/((E17*D17)^0.5) -> -0.097643179 | AD17: =IF(AC17>0.1,"SUB-VERTICAL",IF(AC17<0,"SUB-HORIZONTAL","MERGULHO")) -> SUB-HORIZONTAL | AE17: =(E17-B17)/((E17*B17)^0.5) -> 0.15235743 | AF17: =IF(AE17>0.1,"SUB-VERTICAL",IF(AE17<0,"SUB-HORIZONTAL","MERGULHO")) -> SUB-VERTICAL | AG17: =(D17-B17)/((D17*B17)^0.5) -> 0.25046498 | AH17: =IF(AG17>0.1,"SUB-VERTICAL",IF(AG17<0,"SUB-HORIZONTAL","MERGULHO")) -> SUB-VERTICAL | AJ17: =(D17-C17)/((D17*C17)^0.5) -> 0.14560994 | AK17: =IF(AJ17>0.1,"SUB-VERTICAL",IF(AJ17<0,"SUB-HORIZONTAL","MERGULHO")) -> SUB-VERTICAL | AM17: =(C17-B17)/((C17*B17)^0.5) -> 0.1043806 | AN17: =IF(AM17>0.1,"SUB-VERTICAL",IF(AM17<0,"SUB-HORIZONTAL","MERGULHO")) -> SUB-VERTICAL | AP17: =(B17-H17)/((B17*H17)^0.5) -> 0.26410892 | AQ17: =IF(AP17>0.1,"SUB-VERTICAL",IF(AP17<0,"SUB-HORIZONTAL","MERGULHO")) -> SUB-VERTICAL
... A334: 5600.0523 | B334: 24.0265 | C334: 25.0534 | D334: 24.2774 | E334: 24.9149 | F334: 24.7195 | G334: 25.0856 | H334: 26.6663 | J334: =(G334-H334)/((H334*G334)^0.5) -> -0.061116127 | K334: =IF(J334>0.1,"SUB-VERTICAL",IF(J334<0,"SUB-HORIZONTAL","MERGULHO")) -> SUB-HORIZONTAL | L334: =IF(K334="SUB-VERTICAL","1",IF(K334="SUB-HORIZONTAL","2","3")) -> 2 | M334: =(G334-F334)/((G334*F334)^0.5) -> 0.014701703 | N334: =IF(M334>0.1,"SUB-VERTICAL",IF(M334<0,"SUB-HORIZONTAL","MERGULHO")) -> MERGULHO | P334: =(F334-B334)/((F334*B334)^0.5) -> 0.028435976 | Q334: =IF(P334>0.1,"SUB-VERTICAL",IF(P334<0,"SUB-HORIZONTAL","MERGULHO")) -> MERGULHO | S334: =(F334-H334)/((F334*H334)^0.5) -> -0.075826344 | T334: =IF(S334>0.1,"SUB-VERTICAL",IF(S334<0,"SUB-HORIZONTAL","MERGULHO")) -> SUB-HORIZONTAL | V334: =(G334-B334)/((G334*B334)^0.5) -> 0.043139933 | W334: =IF(V334>0.1,"SUB-VERTICAL",IF(V334<0,"SUB-HORIZONTAL","MERGULHO")) -> MERGULHO | Y334: =(F334-E334)/((F334*E334)^0.5) -> -0.0078736326 | Z334: =IF(Y334>0.1,"SUB-VERTICAL",IF(Y334<0,"SUB-HORIZONTAL","MERGULHO")) -> SUB-HORIZONTAL | AA334: =(E334-C334)/((E334*C334)^0.5) -> -0.0055435359 | AB334: =(IF(AA334>0.1,"SUB-VERTICAL",IF(AA334<0,"SUB-HORIZONTAL","MERGULHO"))) -> SUB-HORIZONTAL | AC334: =(E334-D334)/((E334*D334)^0.5) -> 0.025920867 | AD334: =IF(AC334>0.1,"SUB-VERTICAL",IF(AC334<0,"SUB-HORIZONTAL","MERGULHO")) -> MERGULHO | AE334: =(E334-B334)/((E334*B334)^0.5) -> 0.036310625 | AF334: =IF(AE334>0.1,"SUB-VERTICAL",IF(AE334<0,"SUB-HORIZONTAL","MERGULHO")) -> MERGULHO | AG334: =(D334-B334)/((D334*B334)^0.5) -> 0.010388535 | AH334: =IF(AG334>0.1,"SUB-VERTICAL",IF(AG334<0,"SUB-HORIZONTAL","MERGULHO")) -> MERGULHO | AJ334: =(D334-C334)/((D334*C334)^0.5) -> -0.031464968 | AK334: =IF(AJ334>0.1,"SUB-VERTICAL",IF(AJ334<0,"SUB-HORIZONTAL","MERGULHO")) -> SUB-HORIZONTAL | AM334: =(C334-B334)/((C334*B334)^0.5) -> 0.041855214 | AN334: =IF(AM334>0.1,"SUB-VERTICAL",IF(AM334<0,"SUB-HORIZONTAL","MERGULHO")) -> MERGULHO | AP334: =(B334-H334)/((B334*H334)^0.5) -> -0.10429041 | AQ334: =IF(AP334>0.1,"SUB-VERTICAL",IF(AP334<0,"SUB-HORIZONTAL","MERGULHO")) -> SUB-HORIZONTAL

Sheet Planilha2
A1: %Well
A2: %DEPTH | B2: Phi | C2: Totuosity | H2: k
A3: %M | B3: V/V | H3: %
A5: 5574.9825 | B5: 0.192 | C5: =B5^(1-1.8) -> 3.7441998 | D5: =B5^(1-1.5) -> 2.2821773 | E5: =B5^(1-2) -> 5.2083333 | F5: =B5^(1-2.5) -> 11.88634 | G5: =B5^(1-3) -> 27.126736 | H5: 135
A6: 5575.0587 | B6: 0.192 | C6: =B6^(1-1.8) -> 3.7441998 | D6: =B6^(1-1.5) -> 2.2821773 | E6: =B6^(1-2) -> 5.2083333 | F6: =B6^(1-2.5) -> 11.88634 | G6: =B6^(1-3) -> 27.126736 | H6: 135
A7: 5575.1349 | B7: -999 | C7: =B7^(1-1.8) -> #NUM! | D7: =B7^(1-1.5) -> #NUM! | E7: =B7^(1-2) -> -0.001001001 | F7: =B7^(1-2.5) -> #NUM! | G7: =B7^(1-3) -> 1.002003e-06 | H7: -999
A8: 5575.2111 | B8: -999 | C8: =B8^(1-1.8) -> #NUM! | D8: =B8^(1-1.5) -> #NUM! | E8: =B8^(1-2) -> -0.001001001 | F8: =B8^(1-2.5) -> #NUM! | G8: =B8^(1-3) -> 1.002003e-06 | H8: -999
A9: 5575.2873 | B9: -999 | C9: =B9^(1-1.8) -> #NUM! | D9: =B9^(1-1.5) -> #NUM! | E9: =B9^(1-2) -> -0.001001001 | F9: =B9^(1-2.5) -> #NUM! | G9: =B9^(1-3) -> 1.002003e-06 | H9: -999
A10: 5575.3635 | B10: -999 | C10: =B10^(1-1.8) -> #NUM! | D10: =B10^(1-1.5) -> #NUM! | E10: =B10^(1-2) -> -0.001001001 | F10: =B10^(1-2.5) -> #NUM! | G10: =B10^(1-3) -> 1.002003e-06 | H10: -999
A11: 5575.4397 | B11: -999 | C11: =B11^(1-1.8) -> #NUM! | D11: =B11^(1-1.5) -> #NUM! | E11: =B11^(1-2) -> -0.001001001 | F11: =B11^(1-2.5) -> #NUM! | G11: =B11^(1-3) -> 1.002003e-06 | H11: -999
A12: 5575.5159 | B12: -999 | C12: =B12^(1-1.8) -> #NUM! | D12: =B12^(1-1.5) -> #NUM! | E12: =B12^(1-2) -> -0.001001001 | F12: =B12^(1-2.5) -> #NUM! | G12: =B12^(1-3) -> 1.002003e-06 | H12: -999
A13: 5575.5921 | B13: -999 | C13: =B13^(1-1.8) -> #NUM! | D13: =B13^(1-1.5) -> #NUM! | E13: =B13^(1-2) -> -0.001001001 | F13: =B13^(1-2.5) -> #NUM! | G13: =B13^(1-3) -> 1.002003e-06 | H13: -999
A14: 5575.6683 | B14: -999 | C14: =B14^(1-1.8) -> #NUM! | D14: =B14^(1-1.5) -> #NUM! | E14: =B14^(1-2) -> -0.001001001 | F14: =B14^(1-2.5) -> #NUM! | G14: =B14^(1-3) -> 1.002003e-06 | H14: -999
A15: 5575.7445 | B15: -999 | C15: =B15^(1-1.8) -> #NUM! | D15: =B15^(1-1.5) -> #NUM! | E15: =B15^(1-2) -> -0.001001001 | F15: =B15^(1-2.5) -> #NUM! | G15: =B15^(1-3) -> 1.002003e-06 | H15: -999
A16: 5575.8207 | B16: -999 | C16: =B16^(1-1.8) -> #NUM! | D16: =B16^(1-1.5) -> #NUM! | E16: =B16^(1-2) -> -0.001001001 | F16: =B16^(1-2.5) -> #NUM! | G16: =B16^(1-3) -> 1.002003e-06 | H16: -999
... A334: 5600.0523 | B334: 0.066 | C334: =B334^(1-1.8) -> 8.797613 | D334: =B334^(1-1.5) -> 3.8924947 | E334: =B334^(1-2) -> 15.151515 | F334: =B334^(1-2.5) -> 58.977193 | G334: =B334^(1-3) -> 229.56841 | H334: 0.1

Sheet Plan1
A2: depth | B2: perm | D2: por | E2: tort | G2: perm
K3: RMS
A4: 5574.9825 | B4: 135 | C4: 2.7586698 | D4: 0.192 | E4: 3.7442 | F4: =(D4^3)/(((1-D4)^2))*(E4)*(1.3689)*2000 -> 111.13266 | G4: 135 | I4: =A4-5000 -> 574.9825 | K4: =(G4-F4)^2 -> 569.64976
A5: 5575.0587 | B5: 135 | C5: 2.5130186 | D5: 0.192 | E5: 3.7442 | F5: =(D5^3)/(((1-D5)^2))*(E5)*(1.3689)*2000 -> 111.13266 | G5: 135 | I5: =A5-5000 -> 575.0587 | K5: =(G5-F5)^2 -> 569.64976
A6: 5575.1349 | B6: -999 | C6: -202989.61 | D6: -999 | E6: -999 | F6: =(D6^3)/(((1-D6)^2))*(E6)*(1.3689)*2000 -> 2726865216 | G6: -999 | I6: =A6-5000 -> 575.1349 | K6: 0
A7: 5575.2111 | B7: -999 | C7: -179912.73 | D7: -999 | E7: -999 | F7: =(D7^3)/(((1-D7)^2))*(E7)*(1.3689)*2000 -> 2726865216 | G7: -999 | I7: =A7-5000 -> 575.2111 | K7: 0
A8: 5575.2873 | B8: -999 | C8: -171417.77 | D8: -999 | E8: -999 | F8: =(D8^3)/(((1-D8)^2))*(E8)*(1.3689)*2000 -> 2726865216 | G8: -999 | I8: =A8-5000 -> 575.2873 | K8: 0
A9: 5575.3635 | B9: -999 | C9: -163586.96 | D9: -999 | E9: -999 | F9: =(D9^3)/(((1-D9)^2))*(E9)*(1.3689)*2000 -> 2726865216 | G9: -999 | I9: =A9-5000 -> 575.3635 | K9: 0
A10: 5575.4397 | B10: -999 | C10: -160064.05 | D10: -999 | E10: -999 | F10: =(D10^3)/(((1-D10)^2))*(E10)*(1.3689)*2000 -> 2726865216 | G10: -999 | I10: =A10-5000 -> 575.4397 | K10: 0
A11: 5575.5159 | B11: -999 | C11: -158807.82 | D11: -999 | E11: -999 | F11: =(D11^3)/(((1-D11)^2))*(E11)*(1.3689)*2000 -> 2726865216 | G11: -999 | I11: =A11-5000 -> 575.5159 | K11: 0
A12: 5575.5921 | B12: -999 | C12: -153893.15 | D12: -999 | E12: -999 | F12: =(D12^3)/(((1-D12)^2))*(E12)*(1.3689)*2000 -> 2726865216 | G12: -999 | I12: =A12-5000 -> 575.5921 | K12: 0
A13: 5575.6683 | B13: -999 | C13: -148657.53 | D13: -999 | E13: -999 | F13: =(D13^3)/(((1-D13)^2))*(E13)*(1.3689)*2000 -> 2726865216 | G13: -999 | I13: =A13-5000 -> 575.6683 | K13: 0
A14: 5575.7445 | B14: -999 | C14: -141759.47 | D14: -999 | E14: -999 | F14: =(D14^3)/(((1-D14)^2))*(E14)*(1.3689)*2000 -> 2726865216 | G14: -999 | I14: =A14-5000 -> 575.7445 | K14: 0
A15: 5575.8207 | B15: -999 | C15: -135084.48 | D15: -999 | E15: -999 | F15: =(D15^3)/(((1-D15)^2))*(E15)*(1.3689)*2000 -> 2726865216 | G15: -999 | I15: =A15-5000 -> 575.8207 | K15: 0
A16: 5575.8969 | B16: -999 | C16: -128115.43 | D16: -999 | E16: -999 | F16: =(D16^3)/(((1-D16)^2))*(E16)*(1.3689)*2000 -> 2726865216 | G16: -999 | I16: =A16-5000 -> 575.8969 | K16: 0
A17: 5575.9731 | B17: -999 | C17: -124432.95 | D17: -999 | E17: -999 | F17: =(D17^3)/(((1-D17)^2))*(E17)*(1.3689)*2000 -> 2726865216 | G17: -999 | I17: =A17-5000 -> 575.9731 | K17: 0
... A83: 5581.0023 | B83: -999 | C83: -554163.53 | D83: -999 | E83: -999 | F83: =(D83^3)/(((1-D83)^2))*(E83)*(1.3689)*2000 -> 2726865216 | G83: -999 | I83: =A83-5000 -> 581.0023 | K83: 0
A84: 5581.0785 | B84: 84.5 | C84: 5.6279809 | D84: 0.171 | E84: 4.1077 | F84: =(D84^3)/(((1-D84)^2))*(E84)*(1.3689)*2000 -> 81.823812 | G84: 84.5 | I84: =A84-5000 -> 581.0785 | K84: =(G84-F84)^2 -> 7.1619835
A85: 5581.1547 | B85: 84.5 | C85: 7.0284468 | D85: 0.171 | E85: 4.1077 | F85: =(D85^3)/(((1-D85)^2))*(E85)*(1.3689)*2000 -> 81.823812 | G85: 84.5 | I85: =A85-5000 -> 581.1547 | K85: =(G85-F85)^2 -> 7.1619835
A86: 5581.2309 | B86: -999 | C86: -979847.72 | D86: -999 | E86: -999 | F86: =(D86^3)/(((1-D86)^2))*(E86)*(1.3689)*2000 -> 2726865216 | G86: -999 | I86: =A86-5000 -> 581.2309 | K86: 0
A87: 5581.3071 | B87: -999 | C87: -955905.04 | D87: -999 | E87: -999 | F87: =(D87^3)/(((1-D87)^2))*(E87)*(1.3689)*2000 -> 2726865216 | G87: -999 | I87: =A87-5000 -> 581.3071 | K87: 0
A88: 5581.3833 | B88: 5.62 | C88: 6.7050138 | D88: 0.176 | E88: 4.0141 | F88: =(D88^3)/(((1-D88)^2))*(E88)*(1.3689)*300 -> 13.236243 | G88: 5.62 | I88: =A88-5000 -> 581.3833 | K88: =(G88-F88)^2 -> 58.007164
A89: 5581.4595 | B89: 5.62 | C89: 5.3499466 | D89: 0.176 | E89: 4.0141 | F89: =(D89^3)/(((1-D89)^2))*(E89)*(1.3689)*300 -> 13.236243 | G89: 5.62 | I89: =A89-5000 -> 581.4595 | K89: =(G89-F89)^2 -> 58.007164
A90: 5581.5357 | B90: -999 | C90: -517648.24 | D90: -999 | E90: -999 | F90: =(D90^3)/(((1-D90)^2))*(E90)*(1.3689)*2000 -> 2726865216 | G90: -999 | I90: =A90-5000 -> 581.5357 | K90: 0
A91: 5581.6119 | B91: -999 | C91: -413365.67 | D91: -999 | E91: -999 | F91: =(D91^3)/(((1-D91)^2))*(E91)*(1.3689)*2000 -> 2726865216 | G91: -999 | I91: =A91-5000 -> 581.6119 | K91: 0
A92: 5581.6881 | B92: 38.2 | C92: 2.1836692 | D92: 0.161 | E92: 4.3106 | F92: =(D92^3)/(((1-D92)^2))*(E92)*(1.3689)*1000 -> 34.983492 | G92: 38.2 | I92: =A92-5000 -> 581.6881 | K92: =(G92-F92)^2 -> 10.345925
A93: 5581.7643 | B93: 38.2 | C93: 2.1087255 | D93: 0.161 | E93: 4.3106 | F93: =(D93^3)/(((1-D93)^2))*(E93)*(1.3689)*1000 -> 34.983492 | G93: 38.2 | I93: =A93-5000 -> 581.7643 | K93: =(G93-F93)^2 -> 10.345925
A94: 5581.8405 | B94: -999 | C94: -352156.96 | D94: -999 | E94: -999 | F94: =(D94^3)/(((1-D94)^2))*(E94)*(1.3689)*2000 -> 2726865216 | G94: -999 | I94: =A94-5000 -> 581.8405 | K94: 0
A95: 5581.9167 | B95: -999 | C95: -375131.95 | D95: -999 | E95: -999 | F95: =(D95^3)/(((1-D95)^2))*(E95)*(1.3689)*2000 -> 2726865216 | G95: -999 | I95: =A95-5000 -> 581.9167 | K95: 0
A96: 5581.9929 | B96: 995 | C96: 2.4399823 | D96: 0.162 | E96: 4.2893 | F96: =(D96^3)/(((1-D96)^2))*(E96)*(1.3689)*30000 -> 1066.44 | G96: 995 | I96: =A96-5000 -> 581.9929 | K96: =(G96-F96)^2 -> 5103.6669
A97: 5582.0691 | B97: 995 | C97: 2.5231265 | D97: 0.162 | E97: 4.2893 | F97: =(D97^3)/(((1-D97)^2))*(E97)*(1.3689)*30000 -> 1066.44 | G97: 995 | I97: =A97-5000 -> 582.0691 | K97: =(G97-F97)^2 -> 5103.6669
A98: 5582.1453 | B98: -999 | C98: -433929.75 | D98: -999 | E98: -999 | F98: =(D98^3)/(((1-D98)^2))*(E98)*(1.3689)*2000 -> 2726865216 | G98: -999 | I98: =A98-5000 -> 582.1453 | K98: 0
A99: 5582.2215 | B99: -999 | C99: -466438.48 | D99: -999 | E99: -999 | F99: =(D99^3)/(((1-D99)^2))*(E99)*(1.3689)*2000 -> 2726865216 | G99: -999 | I99: =A99-5000 -> 582.2215 | K99: 0
A100: 5582.2977 | B100: 354 | C100: 3.4602637 | D100: 0.168 | E100: 4.1663 | F100: =(D100^3)/(((1-D100)^2))*(E100)*(1.3689)*6000 -> 234.39843 | G100: 354 | I100: =A100-5000 -> 582.2977 | K100: =(G100-F100)^2 -> 14304.535
A101: 5582.3739 | B101: 354 | C101: 3.7849423 | D101: 0.168 | E101: 4.1663 | F101: =(D101^3)/(((1-D101)^2))*(E101)*(1.3689)*6000 -> 234.39843 | G101: 354 | I101: =A101-5000 -> 582.3739 | K101: =(G101-F101)^2 -> 14304.535
A102: 5582.4501 | B102: -999 | C102: -637822.75 | D102: -999 | E102: -999 | F102: =(D102^3)/(((1-D102)^2))*(E102)*(1.3689)*2000 -> 2726865216 | G102: -999 | I102: =A102-5000 -> 582.4501 | K102: 0
A103: 5582.5263 | B103: -999 | C103: -826706.01 | D103: -999 | E103: -999 | F103: =(D103^3)/(((1-D103)^2))*(E103)*(1.3689)*2000 -> 2726865216 | G103: -999 | I103: =A103-5000 -> 582.5263 | K103: 0
A104: 5582.6025 | B104: -999 | C104: -1050291.8 | D104: -999 | E104: -999 | F104: =(D104^3)/(((1-D104)^2))*(E104)*(1.3689)*2000 -> 2726865216 | G104: -999 | I104: =A104-5000 -> 582.6025 | K104: 0
A105: 5582.6787 | B105: -999 | C105: -1267154.3 | D105: -999 | E105: -999 | F105: =(D105^3)/(((1-D105)^2))*(E105)*(1.3689)*2000 -> 2726865216 | G105: -999 | I105: =A105-5000 -> 582.6787 | K105: 0
A106: 5582.7549 | B106: -999 | C106: -1460419 | D106: -999 | E106: -999 | F106: =(D106^3)/(((1-D106)^2))*(E106)*(1.3689)*2000 -> 2726865216 | G106: -999 | I106: =A106-5000 -> 582.7549 | K106: 0
A107: 5582.8311 | B107: -999 | C107: -1619707.7 | D107: -999 | E107: -999 | F107: =(D107^3)/(((1-D107)^2))*(E107)*(1.3689)*2000 -> 2726865216 | G107: -999 | I107: =A107-5000 -> 582.8311 | K107: 0
A108: 5582.9073 | B108: 342 | C108: 9.8783534 | D108: 0.159 | E108: 4.3539 | F108: =(D108^3)/(((1-D108)^2))*(E108)*(1.3689)*6000 -> 203.23608 | G108: 342 | I108: =A108-5000 -> 582.9073 | K108: =(G108-F108)^2 -> 19255.426
A109: 5582.9835 | B109: 342 | C109: 10.294416 | D109: 0.159 | E109: 4.3539 | F109: =(D109^3)/(((1-D109)^2))*(E109)*(1.3689)*6000 -> 203.23608 | G109: 342 | I109: =A109-5000 -> 582.9835 | K109: =(G109-F109)^2 -> 19255.426
A110: 5583.0597 | B110: -999 | C110: -1857290.1 | D110: -999 | E110: -999 | F110: =(D110^3)/(((1-D110)^2))*(E110)*(1.3689)*2000 -> 2726865216 | G110: -999 | I110: =A110-5000 -> 583.0597 | K110: 0
A111: 5583.1359 | B111: -999 | C111: -1897249.1 | D111: -999 | E111: -999 | F111: =(D111^3)/(((1-D111)^2))*(E111)*(1.3689)*2000 -> 2726865216 | G111: -999 | I111: =A111-5000 -> 583.1359 | K111: 0
A112: 5583.2121 | B112: 9.14 | C112: 6.8311991 | D112: 0.138 | E112: 4.8764 | F112: =(D112^3)/(((1-D112)^2))*(E112)*(1.3689)*700 -> 16.526916 | G112: 9.14 | I112: =A112-5000 -> 583.2121 | K112: =(G112-F112)^2 -> 54.566525
A113: 5583.2883 | B113: 9.14 | C113: 6.8816776 | D113: 0.138 | E113: 4.8764 | F113: =(D113^3)/(((1-D113)^2))*(E113)*(1.3689)*700 -> 16.526916 | G113: 9.14 | I113: =A113-5000 -> 583.2883 | K113: =(G113-F113)^2 -> 54.566525
A114: 5583.3645 | B114: -999 | C114: -1943738.3 | D114: -999 | E114: -999 | F114: =(D114^3)/(((1-D114)^2))*(E114)*(1.3689)*2000 -> 2726865216 | G114: -999 | I114: =A114-5000 -> 583.3645 | K114: 0
A115: 5583.4407 | B115: -999 | C115: -1944155.7 | D115: -999 | E115: -999 | F115: =(D115^3)/(((1-D115)^2))*(E115)*(1.3689)*2000 -> 2726865216 | G115: -999 | I115: =A115-5000 -> 583.4407 | K115: 0
A116: 5583.5169 | B116: 18.9 | C116: 7.4080793 | D116: 0.141 | E116: 4.7932 | F116: =(D116^3)/(((1-D116)^2))*(E116)*(1.3689)*1000 -> 24.926901 | G116: 18.9 | I116: =A116-5000 -> 583.5169 | K116: =(G116-F116)^2 -> 36.323533
A117: 5583.5931 | B117: 18.9 | C117: 7.4080793 | D117: 0.141 | E117: 4.7932 | F117: =(D117^3)/(((1-D117)^2))*(E117)*(1.3689)*1000 -> 24.926901 | G117: 18.9 | I117: =A117-5000 -> 583.5931 | K117: =(G117-F117)^2 -> 36.323533
A118: 5583.6693 | B118: -999 | C118: -1944155.8 | D118: -999 | E118: -999 | F118: =(D118^3)/(((1-D118)^2))*(E118)*(1.3689)*2000 -> 2726865216 | G118: -999 | I118: =A118-5000 -> 583.6693 | K118: 0
A119: 5583.7455 | B119: -999 | C119: -1944155.8 | D119: -999 | E119: -999 | F119: =(D119^3)/(((1-D119)^2))*(E119)*(1.3689)*2000 -> 2726865216 | G119: -999 | I119: =A119-5000 -> 583.7455 | K119: 0
A120: 5583.8217 | B120: 0.94 | C120: 0.73906481 | D120: 0.069 | E120: 8.4903 | F120: =(D120^3)/(((1-D120)^2))*(E120)*(1.3689)*200 -> 0.88099342 | G120: 0.94 | I120: =A120-5000 -> 583.8217 | K120: =(G120-F120)^2 -> 0.0034817763
A121: 5583.8979 | B121: 0.94 | C121: 0.70680044 | D121: 0.069 | E121: 8.4903 | F121: =(D121^3)/(((1-D121)^2))*(E121)*(1.3689)*200 -> 0.88099342 | G121: 0.94 | I121: =A121-5000 -> 583.8979 | K121: =(G121-F121)^2 -> 0.0034817763
A122: 5583.9741 | B122: -999 | C122: -1796377.3 | D122: -999 | E122: -999 | F122: =(D122^3)/(((1-D122)^2))*(E122)*(1.3689)*2000 -> 2726865216 | G122: -999 | I122: =A122-5000 -> 583.9741 | K122: 0
A123: 5584.0503 | B123: -999 | C123: -1764123.7 | D123: -999 | E123: -999 | F123: =(D123^3)/(((1-D123)^2))*(E123)*(1.3689)*2000 -> 2726865216 | G123: -999 | I123: =A123-5000 -> 584.0503 | K123: 0
A124: 5584.1265 | B124: 0.57 | C124: 0.2723756 | D124: 0.054 | E124: 10.3296 | F124: =(D124^3)/(((1-D124)^2))*(E124)*(1.3689)*300 -> 0.74640663 | G124: 0.57 | I124: =A124-5000 -> 584.1265 | K124: =(G124-F124)^2 -> 0.0311193
A125: 5584.2027 | B125: 0.57 | C125: 0.25840755 | D125: 0.054 | E125: 10.3296 | F125: =(D125^3)/(((1-D125)^2))*(E125)*(1.3689)*300 -> 0.74640663 | G125: 0.57 | I125: =A125-5000 -> 584.2027 | K125: =(G125-F125)^2 -> 0.0311193
A126: 5584.2789 | B126: -999 | C126: -1583260.5 | D126: -999 | E126: -999 | F126: =(D126^3)/(((1-D126)^2))*(E126)*(1.3689)*2000 -> 2726865216 | G126: -999 | I126: =A126-5000 -> 584.2789 | K126: 0
A127: 5584.3551 | B127: -999 | C127: -1710379.2 | D127: -999 | E127: -999 | F127: =(D127^3)/(((1-D127)^2))*(E127)*(1.3689)*2000 -> 2726865216 | G127: -999 | I127: =A127-5000 -> 584.3551 | K127: 0
A128: 5584.4313 | B128: -999 | C128: -1725674.5 | D128: -999 | E128: -999 | F128: =(D128^3)/(((1-D128)^2))*(E128)*(1.3689)*2000 -> 2726865216 | G128: -999 | I128: =A128-5000 -> 584.4313 | K128: 0
A129: 5584.5075 | B129: -999 | C129: -1684480.2 | D129: -999 | E129: -999 | F129: =(D129^3)/(((1-D129)^2))*(E129)*(1.3689)*2000 -> 2726865216 | G129: -999 | I129: =A129-5000 -> 584.5075 | K129: 0
A130: 5584.5837 | B130: -999 | C130: -1647695.2 | D130: -999 | E130: -999 | F130: =(D130^3)/(((1-D130)^2))*(E130)*(1.3689)*2000 -> 2726865216 | G130: -999 | I130: =A130-5000 -> 584.5837 | K130: 0
A131: 5584.6599 | B131: -999 | C131: -1619177.8 | D131: -999 | E131: -999 | F131: =(D131^3)/(((1-D131)^2))*(E131)*(1.3689)*2000 -> 2726865216 | G131: -999 | I131: =A131-5000 -> 584.6599 | K131: 0
A132: 5584.7361 | B132: -999 | C132: -1596823.2 | D132: -999 | E132: -999 | F132: =(D132^3)/(((1-D132)^2))*(E132)*(1.3689)*2000 -> 2726865216 | G132: -999 | I132: =A132-5000 -> 584.7361 | K132: 0
A133: 5584.8123 | B133: -999 | C133: -1583048.6 | D133: -999 | E133: -999 | F133: =(D133^3)/(((1-D133)^2))*(E133)*(1.3689)*2000 -> 2726865216 | G133: -999 | I133: =A133-5000 -> 584.8123 | K133: 0
A134: 5584.8885 | B134: 7.89 | C134: 9.0021197 | D134: 0.159 | E134: 4.3539 | F134: =(D134^3)/(((1-D134)^2))*(E134)*(1.3689)*500 -> 16.93634 | G134: 7.89 | I134: =A134-5000 -> 584.8885 | K134: =(G134-F134)^2 -> 81.836264
A135: 5584.9647 | B135: 7.89 | C135: 9.0371924 | D135: 0.159 | E135: 4.3539 | F135: =(D135^3)/(((1-D135)^2))*(E135)*(1.3689)*500 -> 16.93634 | G135: 7.89 | I135: =A135-5000 -> 584.9647 | K135: =(G135-F135)^2 -> 81.836264
A136: 5585.0409 | B136: -999 | C136: -1600698.9 | D136: -999 | E136: -999 | F136: =(D136^3)/(((1-D136)^2))*(E136)*(1.3689)*2000 -> 2726865216 | G136: -999 | I136: =A136-5000 -> 585.0409 | K136: 0
A137: 5585.1171 | B137: -999 | C137: -1623808.9 | D137: -999 | E137: -999 | F137: =(D137^3)/(((1-D137)^2))*(E137)*(1.3689)*2000 -> 2726865216 | G137: -999 | I137: =A137-5000 -> 585.1171 | K137: 0
A138: 5585.1933 | B138: 376 | C138: 13.836379 | D138: 0.178 | E138: 3.978 | F138: =(D138^3)/(((1-D138)^2))*(E138)*(1.3689)*5000 -> 227.25994 | G138: 376 | I138: =A138-5000 -> 585.1933 | K138: =(G138-F138)^2 -> 22123.607
A139: 5585.2695 | B139: 376 | C139: 14.108693 | D139: 0.178 | E139: 3.978 | F139: =(D139^3)/(((1-D139)^2))*(E139)*(1.3689)*5000 -> 227.25994 | G139: 376 | I139: =A139-5000 -> 585.2695 | K139: =(G139-F139)^2 -> 22123.607
A140: 5585.3457 | B140: -999 | C140: -1719146.4 | D140: -999 | E140: -999 | F140: =(D140^3)/(((1-D140)^2))*(E140)*(1.3689)*2000 -> 2726865216 | G140: -999 | I140: =A140-5000 -> 585.3457 | K140: 0
A141: 5585.4219 | B141: -999 | C141: -1752194.4 | D141: -999 | E141: -999 | F141: =(D141^3)/(((1-D141)^2))*(E141)*(1.3689)*2000 -> 2726865216 | G141: -999 | I141: =A141-5000 -> 585.4219 | K141: 0
A142: 5585.4981 | B142: 166 | C142: 12.495408 | D142: 0.169 | E142: 4.1466 | F142: =(D142^3)/(((1-D142)^2))*(E142)*(1.3689)*3000 -> 119.02637 | G142: 166 | I142: =A142-5000 -> 585.4981 | K142: =(G142-F142)^2 -> 2206.5219
A143: 5585.5743 | B143: 166 | C143: 12.67808 | D143: 0.169 | E143: 4.1466 | F143: =(D143^3)/(((1-D143)^2))*(E143)*(1.3689)*3000 -> 119.02637 | G143: 166 | I143: =A143-5000 -> 585.5743 | K143: =(G143-F143)^2 -> 2206.5219
A144: 5585.6505 | B144: -999 | C144: -1830780.9 | D144: -999 | E144: -999 | F144: =(D144^3)/(((1-D144)^2))*(E144)*(1.3689)*2000 -> 2726865216 | G144: -999 | I144: =A144-5000 -> 585.6505 | K144: 0
A145: 5585.7267 | B145: -999 | C145: -1858007 | D145: -999 | E145: -999 | F145: =(D145^3)/(((1-D145)^2))*(E145)*(1.3689)*2000 -> 2726865216 | G145: -999 | I145: =A145-5000 -> 585.7267 | K145: 0
A146: 5585.8029 | B146: 11.9 | C146: 8.1964722 | D146: 0.147 | E146: 4.636 | F146: =(D146^3)/(((1-D146)^2))*(E146)*(1.3689)*500 -> 13.852849 | G146: 11.9 | I146: =A146-5000 -> 585.8029 | K146: =(G146-F146)^2 -> 3.8136188
A147: 5585.8791 | B147: 11.9 | C147: 8.2407389 | D147: 0.147 | E147: 4.636 | F147: =(D147^3)/(((1-D147)^2))*(E147)*(1.3689)*500 -> 13.852849 | G147: 11.9 | I147: =A147-5000 -> 585.8791 | K147: =(G147-F147)^2 -> 3.8136188
A148: 5585.9553 | B148: -999 | C148: -1893193.8 | D148: -999 | E148: -999 | F148: =(D148^3)/(((1-D148)^2))*(E148)*(1.3689)*2000 -> 2726865216 | G148: -999 | I148: =A148-5000 -> 585.9553 | K148: 0
A149: 5586.0315 | B149: -999 | C149: -1901621.2 | D149: -999 | E149: -999 | F149: =(D149^3)/(((1-D149)^2))*(E149)*(1.3689)*2000 -> 2726865216 | G149: -999 | I149: =A149-5000 -> 586.0315 | K149: 0
A150: 5586.1077 | B150: -999 | C150: -1869734.3 | D150: -999 | E150: -999 | F150: =(D150^3)/(((1-D150)^2))*(E150)*(1.3689)*2000 -> 2726865216 | G150: -999 | I150: =A150-5000 -> 586.1077 | K150: 0
A151: 5586.1839 | B151: -999 | C151: -1728164.4 | D151: -999 | E151: -999 | F151: =(D151^3)/(((1-D151)^2))*(E151)*(1.3689)*2000 -> 2726865216 | G151: -999 | I151: =A151-5000 -> 586.1839 | K151: 0
A152: 5586.2601 | B152: 3.33 | C152: 11.764933 | D152: 0.173 | E152: 4.0697 | F152: =(D152^3)/(((1-D152)^2))*(E152)*(1.3689)*100 -> 4.2175614 | G152: 3.33 | I152: =A152-5000 -> 586.2601 | K152: =(G152-F152)^2 -> 0.78776517
A153: 5586.3363 | B153: 3.33 | C153: 11.505848 | D153: 0.173 | E153: 4.0697 | F153: =(D153^3)/(((1-D153)^2))*(E153)*(1.3689)*100 -> 4.2175614 | G153: 3.33 | I153: =A153-5000 -> 586.3363 | K153: =(G153-F153)^2 -> 0.78776517
A154: 5586.4125 | B154: -999 | C154: -1742085.1 | D154: -999 | E154: -999 | F154: =(D154^3)/(((1-D154)^2))*(E154)*(1.3689)*2000 -> 2726865216 | G154: -999 | I154: =A154-5000 -> 586.4125 | K154: 0
A155: 5586.4887 | B155: -999 | C155: -1884422.4 | D155: -999 | E155: -999 | F155: =(D155^3)/(((1-D155)^2))*(E155)*(1.3689)*2000 -> 2726865216 | G155: -999 | I155: =A155-5000 -> 586.4887 | K155: 0
A156: 5586.5649 | B156: -999 | C156: -1903050.1 | D156: -999 | E156: -999 | F156: =(D156^3)/(((1-D156)^2))*(E156)*(1.3689)*2000 -> 2726865216 | G156: -999 | I156: =A156-5000 -> 586.5649 | K156: 0
A157: 5586.6411 | B157: -999 | C157: -1894735.3 | D157: -999 | E157: -999 | F157: =(D157^3)/(((1-D157)^2))*(E157)*(1.3689)*2000 -> 2726865216 | G157: -999 | I157: =A157-5000 -> 586.6411 | K157: 0
A158: 5586.7173 | B158: 448 | C158: 9.4911664 | D158: 0.154 | E158: 4.4667 | F158: =(D158^3)/(((1-D158)^2))*(E158)*(1.3689)*10000 -> 312.01821 | G158: 448 | I158: =A158-5000 -> 586.7173 | K158: =(G158-F158)^2 -> 18491.047
A159: 5586.7935 | B159: 448 | C159: 9.4898376 | D159: 0.154 | E159: 4.4667 | F159: =(D159^3)/(((1-D159)^2))*(E159)*(1.3689)*10000 -> 312.01821 | G159: 448 | I159: =A159-5000 -> 586.7935 | K159: =(G159-F159)^2 -> 18491.047
A160: 5586.8697 | B160: -999 | C160: -1867193.6 | D160: -999 | E160: -999 | F160: =(D160^3)/(((1-D160)^2))*(E160)*(1.3689)*2000 -> 2726865216 | G160: -999 | I160: =A160-5000 -> 586.8697 | K160: 0
A161: 5586.9459 | B161: -999 | C161: -1862884.5 | D161: -999 | E161: -999 | F161: =(D161^3)/(((1-D161)^2))*(E161)*(1.3689)*2000 -> 2726865216 | G161: -999 | I161: =A161-5000 -> 586.9459 | K161: 0
A162: 5587.0221 | B162: 97.9 | C162: 9.4914009 | D162: 0.154 | E162: 4.4667 | F162: =(D162^3)/(((1-D162)^2))*(E162)*(1.3689)*3000 -> 93.605464 | G162: 97.9 | I162: =A162-5000 -> 587.0221 | K162: =(G162-F162)^2 -> 18.443042
A163: 5587.0983 | B163: 97.9 | C163: 9.4354672 | D163: 0.154 | E163: 4.4667 | F163: =(D163^3)/(((1-D163)^2))*(E163)*(1.3689)*3000 -> 93.605464 | G163: 97.9 | I163: =A163-5000 -> 587.0983 | K163: =(G163-F163)^2 -> 18.443042
A164: 5587.1745 | B164: -999 | C164: -1827390.2 | D164: -999 | E164: -999 | F164: =(D164^3)/(((1-D164)^2))*(E164)*(1.3689)*2000 -> 2726865216 | G164: -999 | I164: =A164-5000 -> 587.1745 | K164: 0
A165: 5587.2507 | B165: -999 | C165: -1804689.1 | D165: -999 | E165: -999 | F165: =(D165^3)/(((1-D165)^2))*(E165)*(1.3689)*2000 -> 2726865216 | G165: -999 | I165: =A165-5000 -> 587.2507 | K165: 0
A166: 5587.3269 | B166: 7.43 | C166: 9.6919958 | D166: 0.157 | E166: 4.3983 | F166: =(D166^3)/(((1-D166)^2))*(E166)*(1.3689)*100 -> 3.2786902 | G166: 7.43 | I166: =A166-5000 -> 587.3269 | K166: =(G166-F166)^2 -> 17.233373
...

Sheet Plan2
A3: 5574.9825 | B3: 135 | C3: 2.7586698 | D3: 0.192 | E3: 3.7442 | F3: =(D3^3)/(((1-D3)^2))*(E3)*(1.3689)*2000 -> 111.13266 | G3: 135
A4: 5575.0587 | B4: 135 | C4: 2.5130186 | D4: 0.192 | E4: 3.7442 | F4: =(D4^3)/(((1-D4)^2))*(E4)*(1.3689)*2000 -> 111.13266 | G4: 135
A5: 5575.1349 | B5: -999 | C5: -202989.61 | D5: -999 | E5: -999
A6: 5575.2111 | B6: -999 | C6: -179912.73 | D6: -999 | E6: -999
A7: 5575.2873 | B7: -999 | C7: -171417.77 | D7: -999 | E7: -999
A8: 5575.3635 | B8: -999 | C8: -163586.96 | D8: -999 | E8: -999
A9: 5575.4397 | B9: -999 | C9: -160064.05 | D9: -999 | E9: -999
A10: 5575.5159 | B10: -999 | C10: -158807.82 | D10: -999 | E10: -999
A11: 5575.5921 | B11: -999 | C11: -153893.15 | D11: -999 | E11: -999
A12: 5575.6683 | B12: -999 | C12: -148657.53 | D12: -999 | E12: -999
A13: 5575.7445 | B13: -999 | C13: -141759.47 | D13: -999 | E13: -999
A14: 5575.8207 | B14: -999 | C14: -135084.48 | D14: -999 | E14: -999
A15: 5575.8969 | B15: -999 | C15: -128115.43 | D15: -999 | E15: -999
A16: 5575.9731 | B16: -999 | C16: -124432.95 | D16: -999 | E16: -999
... A82: 5581.0023 | B82: -999 | C82: -554163.53 | D82: -999 | E82: -999
A83: 5581.0785 | B83: 84.5 | C83: 5.6279809 | D83: 0.171 | E83: 4.1077 | F83: =(D83^3)/(((1-D83)^2))*(E83)*(1.3689)*2000 -> 81.823812 | G83: 84.5
A84: 5581.1547 | B84: 84.5 | C84: 7.0284468 | D84: 0.171 | E84: 4.1077 | F84: =(D84^3)/(((1-D84)^2))*(E84)*(1.3689)*2000 -> 81.823812 | G84: 84.5
A85: 5581.2309 | B85: -999 | C85: -979847.72 | D85: -999 | E85: -999
A86: 5581.3071 | B86: -999 | C86: -955905.04 | D86: -999 | E86: -999
A87: 5581.3833 | B87: 5.62 | C87: 6.7050138 | D87: 0.176 | E87: 4.0141 | F87: =(D87^3)/(((1-D87)^2))*(E87)*(1.3689)*300 -> 13.236243 | G87: 5.62
A88: 5581.4595 | B88: 5.62 | C88: 5.3499466 | D88: 0.176 | E88: 4.0141 | F88: =(D88^3)/(((1-D88)^2))*(E88)*(1.3689)*300 -> 13.236243 | G88: 5.62
A89: 5581.5357 | B89: -999 | C89: -517648.24 | D89: -999 | E89: -999
A90: 5581.6119 | B90: -999 | C90: -413365.67 | D90: -999 | E90: -999
A91: 5581.6881 | B91: 38.2 | C91: 2.1836692 | D91: 0.161 | E91: 4.3106 | F91: =(D91^3)/(((1-D91)^2))*(E91)*(1.3689)*1000 -> 34.983492 | G91: 38.2
A92: 5581.7643 | B92: 38.2 | C92: 2.1087255 | D92: 0.161 | E92: 4.3106 | F92: =(D92^3)/(((1-D92)^2))*(E92)*(1.3689)*1000 -> 34.983492 | G92: 38.2
A93: 5581.8405 | B93: -999 | C93: -352156.96 | D93: -999 | E93: -999
A94: 5581.9167 | B94: -999 | C94: -375131.95 | D94: -999 | E94: -999
A95: 5581.9929 | B95: 995 | C95: 2.4399823 | D95: 0.162 | E95: 4.2893 | F95: =(D95^3)/(((1-D95)^2))*(E95)*(1.3689)*30000 -> 1066.44 | G95: 995
A96: 5582.0691 | B96: 995 | C96: 2.5231265 | D96: 0.162 | E96: 4.2893 | F96: =(D96^3)/(((1-D96)^2))*(E96)*(1.3689)*30000 -> 1066.44 | G96: 995
A97: 5582.1453 | B97: -999 | C97: -433929.75 | D97: -999 | E97: -999
A98: 5582.2215 | B98: -999 | C98: -466438.48 | D98: -999 | E98: -999
A99: 5582.2977 | B99: 354 | C99: 3.4602637 | D99: 0.168 | E99: 4.1663 | F99: =(D99^3)/(((1-D99)^2))*(E99)*(1.3689)*6000 -> 234.39843 | G99: 354
A100: 5582.3739 | B100: 354 | C100: 3.7849423 | D100: 0.168 | E100: 4.1663 | F100: =(D100^3)/(((1-D100)^2))*(E100)*(1.3689)*6000 -> 234.39843 | G100: 354
A101: 5582.4501 | B101: -999 | C101: -637822.75 | D101: -999 | E101: -999
A102: 5582.5263 | B102: -999 | C102: -826706.01 | D102: -999 | E102: -999
A103: 5582.6025 | B103: -999 | C103: -1050291.8 | D103: -999 | E103: -999
A104: 5582.6787 | B104: -999 | C104: -1267154.3 | D104: -999 | E104: -999
A105: 5582.7549 | B105: -999 | C105: -1460419 | D105: -999 | E105: -999
A106: 5582.8311 | B106: -999 | C106: -1619707.7 | D106: -999 | E106: -999
A107: 5582.9073 | B107: 342 | C107: 9.8783534 | D107: 0.159 | E107: 4.3539 | F107: =(D107^3)/(((1-D107)^2))*(E107)*(1.3689)*6000 -> 203.23608 | G107: 342
A108: 5582.9835 | B108: 342 | C108: 10.294416 | D108: 0.159 | E108: 4.3539 | F108: =(D108^3)/(((1-D108)^2))*(E108)*(1.3689)*6000 -> 203.23608 | G108: 342
A109: 5583.0597 | B109: -999 | C109: -1857290.1 | D109: -999 | E109: -999
A110: 5583.1359 | B110: -999 | C110: -1897249.1 | D110: -999 | E110: -999
A111: 5583.2121 | B111: 9.14 | C111: 6.8311991 | D111: 0.138 | E111: 4.8764 | F111: =(D111^3)/(((1-D111)^2))*(E111)*(1.3689)*700 -> 16.526916 | G111: 9.14
A112: 5583.2883 | B112: 9.14 | C112: 6.8816776 | D112: 0.138 | E112: 4.8764 | F112: =(D112^3)/(((1-D112)^2))*(E112)*(1.3689)*700 -> 16.526916 | G112: 9.14
A113: 5583.3645 | B113: -999 | C113: -1943738.3 | D113: -999 | E113: -999
A114: 5583.4407 | B114: -999 | C114: -1944155.7 | D114: -999 | E114: -999
A115: 5583.5169 | B115: 18.9 | C115: 7.4080793 | D115: 0.141 | E115: 4.7932 | F115: =(D115^3)/(((1-D115)^2))*(E115)*(1.3689)*1000 -> 24.926901 | G115: 18.9
A116: 5583.5931 | B116: 18.9 | C116: 7.4080793 | D116: 0.141 | E116: 4.7932 | F116: =(D116^3)/(((1-D116)^2))*(E116)*(1.3689)*1000 -> 24.926901 | G116: 18.9
A117: 5583.6693 | B117: -999 | C117: -1944155.8 | D117: -999 | E117: -999
A118: 5583.7455 | B118: -999 | C118: -1944155.8 | D118: -999 | E118: -999
A119: 5583.8217 | B119: 0.94 | C119: 0.73906481 | D119: 0.069 | E119: 8.4903 | F119: =(D119^3)/(((1-D119)^2))*(E119)*(1.3689)*200 -> 0.88099342 | G119: 0.94
A120: 5583.8979 | B120: 0.94 | C120: 0.70680044 | D120: 0.069 | E120: 8.4903 | F120: =(D120^3)/(((1-D120)^2))*(E120)*(1.3689)*200 -> 0.88099342 | G120: 0.94
A121: 5583.9741 | B121: -999 | C121: -1796377.3 | D121: -999 | E121: -999
A122: 5584.0503 | B122: -999 | C122: -1764123.7 | D122: -999 | E122: -999
A123: 5584.1265 | B123: 0.57 | C123: 0.2723756 | D123: 0.054 | E123: 10.3296 | F123: =(D123^3)/(((1-D123)^2))*(E123)*(1.3689)*300 -> 0.74640663 | G123: 0.57
A124: 5584.2027 | B124: 0.57 | C124: 0.25840755 | D124: 0.054 | E124: 10.3296 | F124: =(D124^3)/(((1-D124)^2))*(E124)*(1.3689)*300 -> 0.74640663 | G124: 0.57
A125: 5584.2789 | B125: -999 | C125: -1583260.5 | D125: -999 | E125: -999
A126: 5584.3551 | B126: -999 | C126: -1710379.2 | D126: -999 | E126: -999
A127: 5584.4313 | B127: -999 | C127: -1725674.5 | D127: -999 | E127: -999
A128: 5584.5075 | B128: -999 | C128: -1684480.2 | D128: -999 | E128: -999
A129: 5584.5837 | B129: -999 | C129: -1647695.2 | D129: -999 | E129: -999
A130: 5584.6599 | B130: -999 | C130: -1619177.8 | D130: -999 | E130: -999
A131: 5584.7361 | B131: -999 | C131: -1596823.2 | D131: -999 | E131: -999
A132: 5584.8123 | B132: -999 | C132: -1583048.6 | D132: -999 | E132: -999
A133: 5584.8885 | B133: 7.89 | C133: 9.0021197 | D133: 0.159 | E133: 4.3539 | F133: =(D133^3)/(((1-D133)^2))*(E133)*(1.3689)*500 -> 16.93634 | G133: 7.89
A134: 5584.9647 | B134: 7.89 | C134: 9.0371924 | D134: 0.159 | E134: 4.3539 | F134: =(D134^3)/(((1-D134)^2))*(E134)*(1.3689)*500 -> 16.93634 | G134: 7.89
A135: 5585.0409 | B135: -999 | C135: -1600698.9 | D135: -999 | E135: -999
A136: 5585.1171 | B136: -999 | C136: -1623808.9 | D136: -999 | E136: -999
A137: 5585.1933 | B137: 376 | C137: 13.836379 | D137: 0.178 | E137: 3.978 | F137: =(D137^3)/(((1-D137)^2))*(E137)*(1.3689)*5000 -> 227.25994 | G137: 376
A138: 5585.2695 | B138: 376 | C138: 14.108693 | D138: 0.178 | E138: 3.978 | F138: =(D138^3)/(((1-D138)^2))*(E138)*(1.3689)*5000 -> 227.25994 | G138: 376
A139: 5585.3457 | B139: -999 | C139: -1719146.4 | D139: -999 | E139: -999
A140: 5585.4219 | B140: -999 | C140: -1752194.4 | D140: -999 | E140: -999
A141: 5585.4981 | B141: 166 | C141: 12.495408 | D141: 0.169 | E141: 4.1466 | F141: =(D141^3)/(((1-D141)^2))*(E141)*(1.3689)*3000 -> 119.02637 | G141: 166
A142: 5585.5743 | B142: 166 | C142: 12.67808 | D142: 0.169 | E142: 4.1466 | F142: =(D142^3)/(((1-D142)^2))*(E142)*(1.3689)*3000 -> 119.02637 | G142: 166
A143: 5585.6505 | B143: -999 | C143: -1830780.9 | D143: -999 | E143: -999
A144: 5585.7267 | B144: -999 | C144: -1858007 | D144: -999 | E144: -999
A145: 5585.8029 | B145: 11.9 | C145: 8.1964722 | D145: 0.147 | E145: 4.636 | F145: =(D145^3)/(((1-D145)^2))*(E145)*(1.3689)*500 -> 13.852849 | G145: 11.9
A146: 5585.8791 | B146: 11.9 | C146: 8.2407389 | D146: 0.147 | E146: 4.636 | F146: =(D146^3)/(((1-D146)^2))*(E146)*(1.3689)*500 -> 13.852849 | G146: 11.9
A147: 5585.9553 | B147: -999 | C147: -1893193.8 | D147: -999 | E147: -999
A148: 5586.0315 | B148: -999 | C148: -1901621.2 | D148: -999 | E148: -999
A149: 5586.1077 | B149: -999 | C149: -1869734.3 | D149: -999 | E149: -999
A150: 5586.1839 | B150: -999 | C150: -1728164.4 | D150: -999 | E150: -999
A151: 5586.2601 | B151: 3.33 | C151: 11.764933 | D151: 0.173 | E151: 4.0697 | F151: =(D151^3)/(((1-D151)^2))*(E151)*(1.3689)*100 -> 4.2175614 | G151: 3.33
A152: 5586.3363 | B152: 3.33 | C152: 11.505848 | D152: 0.173 | E152: 4.0697 | F152: =(D152^3)/(((1-D152)^2))*(E152)*(1.3689)*100 -> 4.2175614 | G152: 3.33
A153: 5586.4125 | B153: -999 | C153: -1742085.1 | D153: -999 | E153: -999
A154: 5586.4887 | B154: -999 | C154: -1884422.4 | D154: -999 | E154: -999
A155: 5586.5649 | B155: -999 | C155: -1903050.1 | D155: -999 | E155: -999
A156: 5586.6411 | B156: -999 | C156: -1894735.3 | D156: -999 | E156: -999
A157: 5586.7173 | B157: 448 | C157: 9.4911664 | D157: 0.154 | E157: 4.4667 | F157: =(D157^3)/(((1-D157)^2))*(E157)*(1.3689)*10000 -> 312.01821 | G157: 448
A158: 5586.7935 | B158: 448 | C158: 9.4898376 | D158: 0.154 | E158: 4.4667 | F158: =(D158^3)/(((1-D158)^2))*(E158)*(1.3689)*10000 -> 312.01821 | G158: 448
A159: 5586.8697 | B159: -999 | C159: -1867193.6 | D159: -999 | E159: -999
A160: 5586.9459 | B160: -999 | C160: -1862884.5 | D160: -999 | E160: -999
A161: 5587.0221 | B161: 97.9 | C161: 9.4914009 | D161: 0.154 | E161: 4.4667 | F161: =(D161^3)/(((1-D161)^2))*(E161)*(1.3689)*3000 -> 93.605464 | G161: 97.9
A162: 5587.0983 | B162: 97.9 | C162: 9.4354672 | D162: 0.154 | E162: 4.4667 | F162: =(D162^3)/(((1-D162)^2))*(E162)*(1.3689)*3000 -> 93.605464 | G162: 97.9
A163: 5587.1745 | B163: -999 | C163: -1827390.2 | D163: -999 | E163: -999
A164: 5587.2507 | B164: -999 | C164: -1804689.1 | D164: -999 | E164: -999
A165: 5587.3269 | B165: 7.43 | C165: 9.6919958 | D165: 0.157 | E165: 4.3983 | F165: =(D165^3)/(((1-D165)^2))*(E165)*(1.3689)*100 -> 3.2786902 | G165: 7.43
A166: 5587.4031 | B166: 7.43 | C166: 9.5117478 | D166: 0.157 | E166: 4.3983 | F166: =(D166^3)/(((1-D166)^2))*(E166)*(1.3689)*100 -> 3.2786902 | G166: 7.43
A167: 5587.4793 | B167: -999 | C167: -1704823.9 | D167: -999 | E167: -999
...

Sheet Planilha8
A1: %Well | B1: : | D1: : | E1: 43133 | F1: 0.58302083 | J1: RT RXO | M1: AO90 and A10 | O1: %Well | Q1: AO90 and RXO | T1: RT abd AO10 | V1: AO60 AO20 | Y1: AO60 AO30 | AA1: AO60 AO10 | AD1: AO30 AO20 | AG1: AO20 AO10 | AJ1: AO10 RXO
A2: %DEPTH | B2: AO10 | C2: AO20 | D2: AO30 | E2: AO60 | F2: AO90 | G2: AORT | H2: AORX | M2: Fracture Diping | O2: %DEPTH
A3: %M | B3: ohm,m | C3: ohm,m | D3: ohm,m | E3: ohm,m | F3: ohm,m | G3: ohm,m | H3: ohm,m | O3: %M
A5: 5574.9825 | B5: 272.2705 | C5: 302.0356 | D5: 413.7392 | E5: 292.4842 | F5: 271.66 | G5: 291.7903 | H5: 221.9146 | I5: =ATAN(1) -> 0.78539816 | J5: =(G5-H5)/((H5*G5)^0.5) -> 0.27459828 | K5: =IF(J5>0.1,"SUB-VERTICAL",IF(J5<0,"SUB-HORIZONTAL","MERGULHO")) -> SUB-VERTICAL | L5: =IF(K5="SUB-VERTICAL","1",IF(K5="SUB-HORIZONTAL","2","3")) -> 1 | M5: =(F5-B5)/((F5*B5)^0.5) -> -0.0022447735 | N5: =IF(M5>0.1,"SUB-VERTICAL",IF(M5<0,"SUB-HORIZONTAL","MERGULHO")) -> SUB-HORIZONTAL | O5: 5574.9825 | Q5: =(F5-H5)/((F5*H5)^0.5) -> 0.20260359 | R5: =IF(Q5>0.1,"SUB-VERTICAL",IF(Q5<0,"SUB-HORIZONTAL","MERGULHO")) -> SUB-VERTICAL | T5: =(G5-B5)/((G5*B5)^0.5) -> 0.069253168 | U5: =IF(T5>0.1,"SUB-VERTICAL",IF(T5<0,"SUB-HORIZONTAL","MERGULHO")) -> MERGULHO | V5: =(E5-C5)/((E5*C5)^0.5) -> -0.032135626 | W5: =(IF(V5>0.1,"SUB-VERTICAL",IF(V5<0,"SUB-HORIZONTAL","MERGULHO"))) -> SUB-HORIZONTAL | Y5: =(E5-D5)/((E5*D5)^0.5) -> -0.34856607 | Z5: =IF(Y5>0.1,"SUB-VERTICAL",IF(Y5<0,"SUB-HORIZONTAL","MERGULHO")) -> SUB-HORIZONTAL | AA5: =(E5-B5)/((E5*B5)^0.5) -> 0.071629895 | AB5: =IF(AA5>0.1,"SUB-VERTICAL",IF(AA5<0,"SUB-HORIZONTAL","MERGULHO")) -> MERGULHO | AD5: =(D5-C5)/((D5*C5)^0.5) -> 0.31599104 | AE5: =IF(AD5>0.1,"SUB-VERTICAL",IF(AD5<0,"SUB-HORIZONTAL","MERGULHO")) -> SUB-VERTICAL | AG5: =(C5-B5)/((C5*B5)^0.5) -> 0.10379537 | AH5: =IF(AG5>0.1,"SUB-VERTICAL",IF(AG5<0,"SUB-HORIZONTAL","MERGULHO")) -> SUB-VERTICAL | AJ5: =(B5-H5)/((B5*H5)^0.5) -> 0.20485998 | AK5: =IF(AJ5>0.1,"SUB-VERTICAL",IF(AJ5<0,"SUB-HORIZONTAL","MERGULHO")) -> SUB-VERTICAL
A6: 5575.0587 | B6: 244.2342 | C6: 258.602 | D6: 337.6454 | E6: 267.3022 | F6: 249.0079 | G6: 263.5609 | H6: 200.8569 | J6: =(G6-H6)/((H6*G6)^0.5) -> 0.27252816 | K6: =IF(J6>0.1,"SUB-VERTICAL",IF(J6<0,"SUB-HORIZONTAL","MERGULHO")) -> SUB-VERTICAL | L6: =IF(K6="SUB-VERTICAL","1",IF(K6="SUB-HORIZONTAL","2","3")) -> 1 | M6: =(F6-B6)/((F6*B6)^0.5) -> 0.019357324 | N6: =IF(M6>0.1,"SUB-VERTICAL",IF(M6<0,"SUB-HORIZONTAL","MERGULHO")) -> MERGULHO | O6: 5575.0587 | Q6: =(F6-H6)/((F6*H6)^0.5) -> 0.21530562 | R6: =IF(Q6>0.1,"SUB-VERTICAL",IF(Q6<0,"SUB-HORIZONTAL","MERGULHO")) -> SUB-VERTICAL | T6: =(G6-B6)/((G6*B6)^0.5) -> 0.076175265 | U6: =IF(T6>0.1,"SUB-VERTICAL",IF(T6<0,"SUB-HORIZONTAL","MERGULHO")) -> MERGULHO | V6: =(E6-C6)/((E6*C6)^0.5) -> 0.033091163 | W6: =(IF(V6>0.1,"SUB-VERTICAL",IF(V6<0,"SUB-HORIZONTAL","MERGULHO"))) -> MERGULHO | Y6: =(E6-D6)/((E6*D6)^0.5) -> -0.23414799 | Z6: =IF(Y6>0.1,"SUB-VERTICAL",IF(Y6<0,"SUB-HORIZONTAL","MERGULHO")) -> SUB-HORIZONTAL | AA6: =(E6-B6)/((E6*B6)^0.5) -> 0.090282887 | AB6: =IF(AA6>0.1,"SUB-VERTICAL",IF(AA6<0,"SUB-HORIZONTAL","MERGULHO")) -> MERGULHO | AD6: =(D6-C6)/((D6*C6)^0.5) -> 0.26749721 | AE6: =IF(AD6>0.1,"SUB-VERTICAL",IF(AD6<0,"SUB-HORIZONTAL","MERGULHO")) -> SUB-VERTICAL | AG6: =(C6-B6)/((C6*B6)^0.5) -> 0.057170382 | AH6: =IF(AG6>0.1,"SUB-VERTICAL",IF(AG6<0,"SUB-HORIZONTAL","MERGULHO")) -> MERGULHO | AJ6: =(B6-H6)/((B6*H6)^0.5) -> 0.19584654 | AK6: =IF(AJ6>0.1,"SUB-VERTICAL",IF(AJ6<0,"SUB-HORIZONTAL","MERGULHO")) -> SUB-VERTICAL
A7: 5575.1349 | B7: 198.2799 | C7: 216.3792 | D7: 269.1673 | E7: 231.3244 | F7: 216.5693 | G7: 230.409 | H7: 181.7894 | J7: =(G7-H7)/((H7*G7)^0.5) -> 0.23756222 | K7: =IF(J7>0.1,"SUB-VERTICAL",IF(J7<0,"SUB-HORIZONTAL","MERGULHO")) -> SUB-VERTICAL | L7: =IF(K7="SUB-VERTICAL","1",IF(K7="SUB-HORIZONTAL","2","3")) -> 1 | M7: =(F7-B7)/((F7*B7)^0.5) -> 0.088259541 | N7: =IF(M7>0.1,"SUB-VERTICAL",IF(M7<0,"SUB-HORIZONTAL","MERGULHO")) -> MERGULHO | O7: 5575.1349 | Q7: =(F7-H7)/((F7*H7)^0.5) -> 0.17528534 | R7: =IF(Q7>0.1,"SUB-VERTICAL",IF(Q7<0,"SUB-HORIZONTAL","MERGULHO")) -> SUB-VERTICAL | T7: =(G7-B7)/((G7*B7)^0.5) -> 0.15031748 | U7: =IF(T7>0.1,"SUB-VERTICAL",IF(T7<0,"SUB-HORIZONTAL","MERGULHO")) -> SUB-VERTICAL | V7: =(E7-C7)/((E7*C7)^0.5) -> 0.066801045 | W7: =(IF(V7>0.1,"SUB-VERTICAL",IF(V7<0,"SUB-HORIZONTAL","MERGULHO"))) -> MERGULHO | Y7: =(E7-D7)/((E7*D7)^0.5) -> -0.15165703 | Z7: =IF(Y7>0.1,"SUB-VERTICAL",IF(Y7<0,"SUB-HORIZONTAL","MERGULHO")) -> SUB-HORIZONTAL | AA7: =(E7-B7)/((E7*B7)^0.5) -> 0.15429403 | AB7: =IF(AA7>0.1,"SUB-VERTICAL",IF(AA7<0,"SUB-HORIZONTAL","MERGULHO")) -> SUB-VERTICAL | AD7: =(D7-C7)/((D7*C7)^0.5) -> 0.21873442 | AE7: =IF(AD7>0.1,"SUB-VERTICAL",IF(AD7<0,"SUB-HORIZONTAL","MERGULHO")) -> SUB-VERTICAL | AG7: =(C7-B7)/((C7*B7)^0.5) -> 0.087380531 | AH7: =IF(AG7>0.1,"SUB-VERTICAL",IF(AG7<0,"SUB-HORIZONTAL","MERGULHO")) -> MERGULHO | AJ7: =(B7-H7)/((B7*H7)^0.5) -> 0.086858075 | AK7: =IF(AJ7>0.1,"SUB-VERTICAL",IF(AJ7<0,"SUB-HORIZONTAL","MERGULHO")) -> MERGULHO
A8: 5575.2111 | B8: 161.8855 | C8: 185.2102 | D8: 230.8411 | E8: 214.3378 | F8: 201.1833 | G8: 214.9433 | H8: 169.652 | J8: =(G8-H8)/((H8*G8)^0.5) -> 0.23717742 | K8: =IF(J8>0.1,"SUB-VERTICAL",IF(J8<0,"SUB-HORIZONTAL","MERGULHO")) -> SUB-VERTICAL | L8: =IF(K8="SUB-VERTICAL","1",IF(K8="SUB-HORIZONTAL","2","3")) -> 1 | M8: =(F8-B8)/((F8*B8)^0.5) -> 0.21775508 | N8: =IF(M8>0.1,"SUB-VERTICAL",IF(M8<0,"SUB-HORIZONTAL","MERGULHO")) -> SUB-VERTICAL | O8: 5575.2111 | Q8: =(F8-H8)/((F8*H8)^0.5) -> 0.17067363 | R8: =IF(Q8>0.1,"SUB-VERTICAL",IF(Q8<0,"SUB-HORIZONTAL","MERGULHO")) -> SUB-VERTICAL | T8: =(G8-B8)/((G8*B8)^0.5) -> 0.28443518 | U8: =IF(T8>0.1,"SUB-VERTICAL",IF(T8<0,"SUB-HORIZONTAL","MERGULHO")) -> SUB-VERTICAL | V8: =(E8-C8)/((E8*C8)^0.5) -> 0.14619175 | W8: =(IF(V8>0.1,"SUB-VERTICAL",IF(V8<0,"SUB-HORIZONTAL","MERGULHO"))) -> SUB-VERTICAL | Y8: =(E8-D8)/((E8*D8)^0.5) -> -0.074193326 | Z8: =IF(Y8>0.1,"SUB-VERTICAL",IF(Y8<0,"SUB-HORIZONTAL","MERGULHO")) -> SUB-HORIZONTAL | AA8: =(E8-B8)/((E8*B8)^0.5) -> 0.28158608 | AB8: =IF(AA8>0.1,"SUB-VERTICAL",IF(AA8<0,"SUB-HORIZONTAL","MERGULHO")) -> SUB-VERTICAL | AD8: =(D8-C8)/((D8*C8)^0.5) -> 0.22068358 | AE8: =IF(AD8>0.1,"SUB-VERTICAL",IF(AD8<0,"SUB-HORIZONTAL","MERGULHO")) -> SUB-VERTICAL | AG8: =(C8-B8)/((C8*B8)^0.5) -> 0.13470374 | AH8: =IF(AG8>0.1,"SUB-VERTICAL",IF(AG8<0,"SUB-HORIZONTAL","MERGULHO")) -> SUB-VERTICAL | AJ8: =(B8-H8)/((B8*H8)^0.5) -> -0.046864272 | AK8: =IF(AJ8>0.1,"SUB-VERTICAL",IF(AJ8<0,"SUB-HORIZONTAL","MERGULHO")) -> SUB-HORIZONTAL
A9: 5575.2873 | B9: 154.5627 | C9: 175.0008 | D9: 217.0409 | E9: 205.246 | F9: 192.7874 | G9: 204.9922 | H9: 158.5866 | J9: =(G9-H9)/((H9*G9)^0.5) -> 0.25737626 | K9: =IF(J9>0.1,"SUB-VERTICAL",IF(J9<0,"SUB-HORIZONTAL","MERGULHO")) -> SUB-VERTICAL | M9: =(F9-B9)/((F9*B9)^0.5) -> 0.22143813 | N9: =IF(M9>0.1,"SUB-VERTICAL",IF(M9<0,"SUB-HORIZONTAL","MERGULHO")) -> SUB-VERTICAL | O9: 5575.2873 | Q9: =(F9-H9)/((F9*H9)^0.5) -> 0.19559768 | R9: =IF(Q9>0.1,"SUB-VERTICAL",IF(Q9<0,"SUB-HORIZONTAL","MERGULHO")) -> SUB-VERTICAL | T9: =(G9-B9)/((G9*B9)^0.5) -> 0.28331114 | U9: =IF(T9>0.1,"SUB-VERTICAL",IF(T9<0,"SUB-HORIZONTAL","MERGULHO")) -> SUB-VERTICAL | V9: =(E9-C9)/((E9*C9)^0.5) -> 0.15958758 | W9: =(IF(V9>0.1,"SUB-VERTICAL",IF(V9<0,"SUB-HORIZONTAL","MERGULHO"))) -> SUB-VERTICAL | Y9: =(E9-D9)/((E9*D9)^0.5) -> -0.055883825 | Z9: =IF(Y9>0.1,"SUB-VERTICAL",IF(Y9<0,"SUB-HORIZONTAL","MERGULHO")) -> SUB-HORIZONTAL | AA9: =(E9-B9)/((E9*B9)^0.5) -> 0.28456087 | AB9: =IF(AA9>0.1,"SUB-VERTICAL",IF(AA9<0,"SUB-HORIZONTAL","MERGULHO")) -> SUB-VERTICAL | AD9: =(D9-C9)/((D9*C9)^0.5) -> 0.21571132 | AE9: =IF(AD9>0.1,"SUB-VERTICAL",IF(AD9<0,"SUB-HORIZONTAL","MERGULHO")) -> SUB-VERTICAL | AG9: =(C9-B9)/((C9*B9)^0.5) -> 0.12427053 | AH9: =IF(AG9>0.1,"SUB-VERTICAL",IF(AG9<0,"SUB-HORIZONTAL","MERGULHO")) -> SUB-VERTICAL | AJ9: =(B9-H9)/((B9*H9)^0.5) -> -0.025701684 | AK9: =IF(AJ9>0.1,"SUB-VERTICAL",IF(AJ9<0,"SUB-HORIZONTAL","MERGULHO")) -> SUB-HORIZONTAL
A10: 5575.3635 | B10: 147.7557 | C10: 179.7718 | D10: 213.0172 | E10: 199.9811 | F10: 188.4116 | G10: 199.6382 | H10: 143.0686 | J10: =(G10-H10)/((H10*G10)^0.5) -> 0.33472575 | K10: =IF(J10>0.1,"SUB-VERTICAL",IF(J10<0,"SUB-HORIZONTAL","MERGULHO")) -> SUB-VERTICAL | L10: =IF(K10="SUB-VERTICAL","1",IF(K10="SUB-HORIZONTAL","2","3")) -> 1 | M10: =(F10-B10)/((F10*B10)^0.5) -> 0.24366752 | N10: =IF(M10>0.1,"SUB-VERTICAL",IF(M10<0,"SUB-HORIZONTAL","MERGULHO")) -> SUB-VERTICAL | O10: 5575.3635 | Q10: =(F10-H10)/((F10*H10)^0.5) -> 0.27617494 | R10: =IF(Q10>0.1,"SUB-VERTICAL",IF(Q10<0,"SUB-HORIZONTAL","MERGULHO")) -> SUB-VERTICAL | T10: =(G10-B10)/((G10*B10)^0.5) -> 0.30208346 | U10: =IF(T10>0.1,"SUB-VERTICAL",IF(T10<0,"SUB-HORIZONTAL","MERGULHO")) -> SUB-VERTICAL | V10: =(E10-C10)/((E10*C10)^0.5) -> 0.10658498 | W10: =(IF(V10>0.1,"SUB-VERTICAL",IF(V10<0,"SUB-HORIZONTAL","MERGULHO"))) -> SUB-VERTICAL | Y10: =(E10-D10)/((E10*D10)^0.5) -> -0.063160545 | Z10: =IF(Y10>0.1,"SUB-VERTICAL",IF(Y10<0,"SUB-HORIZONTAL","MERGULHO")) -> SUB-HORIZONTAL | AA10: =(E10-B10)/((E10*B10)^0.5) -> 0.30381917 | AB10: =IF(AA10>0.1,"SUB-VERTICAL",IF(AA10<0,"SUB-HORIZONTAL","MERGULHO")) -> SUB-VERTICAL | AD10: =(D10-C10)/((D10*C10)^0.5) -> 0.16988829 | AE10: =IF(AD10>0.1,"SUB-VERTICAL",IF(AD10<0,"SUB-HORIZONTAL","MERGULHO")) -> SUB-VERTICAL | AG10: =(C10-B10)/((C10*B10)^0.5) -> 0.19644253 | AH10: =IF(AG10>0.1,"SUB-VERTICAL",IF(AG10<0,"SUB-HORIZONTAL","MERGULHO")) -> SUB-VERTICAL | AJ10: =(B10-H10)/((B10*H10)^0.5) -> 0.032237394 | AK10: =IF(AJ10>0.1,"SUB-VERTICAL",IF(AJ10<0,"SUB-HORIZONTAL","MERGULHO")) -> MERGULHO
A11: 5575.4397 | B11: 148.0392 | C11: 169.9331 | D11: 198.7945 | E11: 189.3501 | F11: 178.8564 | G11: 188.6397 | H11: 134.8949 | J11: =(G11-H11)/((H11*G11)^0.5) -> 0.33691639 | K11: =IF(J11>0.1,"SUB-VERTICAL",IF(J11<0,"SUB-HORIZONTAL","MERGULHO")) -> SUB-VERTICAL | L11: =IF(K11="SUB-VERTICAL","1",IF(K11="SUB-HORIZONTAL","2","3")) -> 1 | M11: =(F11-B11)/((F11*B11)^0.5) -> 0.18938805 | N11: =IF(M11>0.1,"SUB-VERTICAL",IF(M11<0,"SUB-HORIZONTAL","MERGULHO")) -> SUB-VERTICAL | O11: 5575.4397 | Q11: =(F11-H11)/((F11*H11)^0.5) -> 0.2830235 | R11: =IF(Q11>0.1,"SUB-VERTICAL",IF(Q11<0,"SUB-HORIZONTAL","MERGULHO")) -> SUB-VERTICAL | T11: =(G11-B11)/((G11*B11)^0.5) -> 0.24295535 | U11: =IF(T11>0.1,"SUB-VERTICAL",IF(T11<0,"SUB-HORIZONTAL","MERGULHO")) -> SUB-VERTICAL | V11: =(E11-C11)/((E11*C11)^0.5) -> 0.10824563 | W11: =(IF(V11>0.1,"SUB-VERTICAL",IF(V11<0,"SUB-HORIZONTAL","MERGULHO"))) -> SUB-VERTICAL | Y11: =(E11-D11)/((E11*D11)^0.5) -> -0.04867875 | Z11: =IF(Y11>0.1,"SUB-VERTICAL",IF(Y11<0,"SUB-HORIZONTAL","MERGULHO")) -> SUB-HORIZONTAL | AA11: =(E11-B11)/((E11*B11)^0.5) -> 0.24674225 | AB11: =IF(AA11>0.1,"SUB-VERTICAL",IF(AA11<0,"SUB-HORIZONTAL","MERGULHO")) -> SUB-VERTICAL | AD11: =(D11-C11)/((D11*C11)^0.5) -> 0.15702768 | AE11: =IF(AD11>0.1,"SUB-VERTICAL",IF(AD11<0,"SUB-HORIZONTAL","MERGULHO")) -> SUB-VERTICAL | AG11: =(C11-B11)/((C11*B11)^0.5) -> 0.13803708 | AH11: =IF(AG11>0.1,"SUB-VERTICAL",IF(AG11<0,"SUB-HORIZONTAL","MERGULHO")) -> SUB-VERTICAL | AJ11: =(B11-H11)/((B11*H11)^0.5) -> 0.093014645 | AK11: =IF(AJ11>0.1,"SUB-VERTICAL",IF(AJ11<0,"SUB-HORIZONTAL","MERGULHO")) -> MERGULHO
A12: 5575.5159 | B12: 149.4117 | C12: 145.5879 | D12: 171.2837 | E12: 171.9228 | F12: 162.9519 | G12: 170.4498 | H12: 125.2556 | J12: =(G12-H12)/((H12*G12)^0.5) -> 0.30930424 | K12: =IF(J12>0.1,"SUB-VERTICAL",IF(J12<0,"SUB-HORIZONTAL","MERGULHO")) -> SUB-VERTICAL | L12: =IF(K12="SUB-VERTICAL","1",IF(K12="SUB-HORIZONTAL","2","3")) -> 1 | M12: =(F12-B12)/((F12*B12)^0.5) -> 0.086776686 | N12: =IF(M12>0.1,"SUB-VERTICAL",IF(M12<0,"SUB-HORIZONTAL","MERGULHO")) -> MERGULHO | O12: 5575.5159 | Q12: =(F12-H12)/((F12*H12)^0.5) -> 0.2638581 | R12: =IF(Q12>0.1,"SUB-VERTICAL",IF(Q12<0,"SUB-HORIZONTAL","MERGULHO")) -> SUB-VERTICAL | T12: =(G12-B12)/((G12*B12)^0.5) -> 0.13183052 | U12: =IF(T12>0.1,"SUB-VERTICAL",IF(T12<0,"SUB-HORIZONTAL","MERGULHO")) -> SUB-VERTICAL | V12: =(E12-C12)/((E12*C12)^0.5) -> 0.16645709 | W12: =(IF(V12>0.1,"SUB-VERTICAL",IF(V12<0,"SUB-HORIZONTAL","MERGULHO"))) -> SUB-VERTICAL | Y12: =(E12-D12)/((E12*D12)^0.5) -> 0.0037242949 | Z12: =IF(Y12>0.1,"SUB-VERTICAL",IF(Y12<0,"SUB-HORIZONTAL","MERGULHO")) -> MERGULHO | AA12: =(E12-B12)/((E12*B12)^0.5) -> 0.14045515 | AB12: =IF(AA12>0.1,"SUB-VERTICAL",IF(AA12<0,"SUB-HORIZONTAL","MERGULHO")) -> SUB-VERTICAL | AD12: =(D12-C12)/((D12*C12)^0.5) -> 0.16272021 | AE12: =IF(AD12>0.1,"SUB-VERTICAL",IF(AD12<0,"SUB-HORIZONTAL","MERGULHO")) -> SUB-VERTICAL | AG12: =(C12-B12)/((C12*B12)^0.5) -> -0.025926281 | AH12: =IF(AG12>0.1,"SUB-VERTICAL",IF(AG12<0,"SUB-HORIZONTAL","MERGULHO")) -> SUB-HORIZONTAL | AJ12: =(B12-H12)/((B12*H12)^0.5) -> 0.17657773 | AK12: =IF(AJ12>0.1,"SUB-VERTICAL",IF(AJ12<0,"SUB-HORIZONTAL","MERGULHO")) -> SUB-VERTICAL
A13: 5575.5921 | B13: 144.7914 | C13: 130.0799 | D13: 149.3136 | E13: 147.3416 | F13: 140.3855 | G13: 146.8832 | H13: 121.2716 | J13: =(G13-H13)/((H13*G13)^0.5) -> 0.19189829 | K13: =IF(J13>0.1,"SUB-VERTICAL",IF(J13<0,"SUB-HORIZONTAL","MERGULHO")) -> SUB-VERTICAL | L13: =IF(K13="SUB-VERTICAL","1",IF(K13="SUB-HORIZONTAL","2","3")) -> 1 | M13: =(F13-B13)/((F13*B13)^0.5) -> -0.030903106 | N13: =IF(M13>0.1,"SUB-VERTICAL",IF(M13<0,"SUB-HORIZONTAL","MERGULHO")) -> SUB-HORIZONTAL | O13: 5575.5921 | Q13: =(F13-H13)/((F13*H13)^0.5) -> 0.14649022 | R13: =IF(Q13>0.1,"SUB-VERTICAL",IF(Q13<0,"SUB-HORIZONTAL","MERGULHO")) -> SUB-VERTICAL | T13: =(G13-B13)/((G13*B13)^0.5) -> 0.01434375 | U13: =IF(T13>0.1,"SUB-VERTICAL",IF(T13<0,"SUB-HORIZONTAL","MERGULHO")) -> MERGULHO | V13: =(E13-C13)/((E13*C13)^0.5) -> 0.12468545 | W13: =(IF(V13>0.1,"SUB-VERTICAL",IF(V13<0,"SUB-HORIZONTAL","MERGULHO"))) -> SUB-VERTICAL | Y13: =(E13-D13)/((E13*D13)^0.5) -> -0.01329519 | Z13: =IF(Y13>0.1,"SUB-VERTICAL",IF(Y13<0,"SUB-HORIZONTAL","MERGULHO")) -> SUB-HORIZONTAL | AA13: =(E13-B13)/((E13*B13)^0.5) -> 0.017459836 | AB13: =IF(AA13>0.1,"SUB-VERTICAL",IF(AA13<0,"SUB-HORIZONTAL","MERGULHO")) -> MERGULHO | AD13: =(D13-C13)/((D13*C13)^0.5) -> 0.13800921 | AE13: =IF(AD13>0.1,"SUB-VERTICAL",IF(AD13<0,"SUB-HORIZONTAL","MERGULHO")) -> SUB-VERTICAL | AG13: =(C13-B13)/((C13*B13)^0.5) -> -0.10719647 | AH13: =IF(AG13>0.1,"SUB-VERTICAL",IF(AG13<0,"SUB-HORIZONTAL","MERGULHO")) -> SUB-HORIZONTAL | AJ13: =(B13-H13)/((B13*H13)^0.5) -> 0.1774936 | AK13: =IF(AJ13>0.1,"SUB-VERTICAL",IF(AJ13<0,"SUB-HORIZONTAL","MERGULHO")) -> SUB-VERTICAL
A14: 5575.6683 | B14: 141.9917 | C14: 126.1878 | D14: 141.1382 | E14: 133.764 | F14: 127.9555 | G14: 134.0241 | H14: 113.7666 | J14: =(G14-H14)/((H14*G14)^0.5) -> 0.16405407 | K14: =IF(J14>0.1,"SUB-VERTICAL",IF(J14<0,"SUB-HORIZONTAL","MERGULHO")) -> SUB-VERTICAL | L14: =IF(K14="SUB-VERTICAL","1",IF(K14="SUB-HORIZONTAL","2","3")) -> 1 | M14: =(F14-B14)/((F14*B14)^0.5) -> -0.10413305 | N14: =IF(M14>0.1,"SUB-VERTICAL",IF(M14<0,"SUB-HORIZONTAL","MERGULHO")) -> SUB-HORIZONTAL | O14: 5575.6683 | Q14: =(F14-H14)/((F14*H14)^0.5) -> 0.11760123 | R14: =IF(Q14>0.1,"SUB-VERTICAL",IF(Q14<0,"SUB-HORIZONTAL","MERGULHO")) -> SUB-VERTICAL | T14: =(G14-B14)/((G14*B14)^0.5) -> -0.057756996 | U14: =IF(T14>0.1,"SUB-VERTICAL",IF(T14<0,"SUB-HORIZONTAL","MERGULHO")) -> SUB-HORIZONTAL | V14: =(E14-C14)/((E14*C14)^0.5) -> 0.058314039 | W14: =(IF(V14>0.1,"SUB-VERTICAL",IF(V14<0,"SUB-HORIZONTAL","MERGULHO"))) -> MERGULHO | Y14: =(E14-D14)/((E14*D14)^0.5) -> -0.053668938 | Z14: =IF(Y14>0.1,"SUB-VERTICAL",IF(Y14<0,"SUB-HORIZONTAL","MERGULHO")) -> SUB-HORIZONTAL | AA14: =(E14-B14)/((E14*B14)^0.5) -> -0.059700414 | AB14: =IF(AA14>0.1,"SUB-VERTICAL",IF(AA14<0,"SUB-HORIZONTAL","MERGULHO")) -> SUB-HORIZONTAL | AD14: =(D14-C14)/((D14*C14)^0.5) -> 0.11202678 | AE14: =IF(AD14>0.1,"SUB-VERTICAL",IF(AD14<0,"SUB-HORIZONTAL","MERGULHO")) -> SUB-VERTICAL | AG14: =(C14-B14)/((C14*B14)^0.5) -> -0.1180658 | AH14: =IF(AG14>0.1,"SUB-VERTICAL",IF(AG14<0,"SUB-HORIZONTAL","MERGULHO")) -> SUB-HORIZONTAL | AJ14: =(B14-H14)/((B14*H14)^0.5) -> 0.22207344 | AK14: =IF(AJ14>0.1,"SUB-VERTICAL",IF(AJ14<0,"SUB-HORIZONTAL","MERGULHO")) -> SUB-VERTICAL
A15: 5575.7445 | B15: 135.0677 | C15: 130.6984 | D15: 145.8697 | E15: 142.1967 | F15: 136.1207 | G15: 142.3432 | H15: 103.9366 | J15: =(G15-H15)/((H15*G15)^0.5) -> 0.31575719 | K15: =IF(J15>0.1,"SUB-VERTICAL",IF(J15<0,"SUB-HORIZONTAL","MERGULHO")) -> SUB-VERTICAL | L15: =IF(K15="SUB-VERTICAL","1",IF(K15="SUB-HORIZONTAL","2","3")) -> 1 | M15: =(F15-B15)/((F15*B15)^0.5) -> 0.0077658774 | N15: =IF(M15>0.1,"SUB-VERTICAL",IF(M15<0,"SUB-HORIZONTAL","MERGULHO")) -> MERGULHO | O15: 5575.7445 | Q15: =(F15-H15)/((F15*H15)^0.5) -> 0.27057959 | R15: =IF(Q15>0.1,"SUB-VERTICAL",IF(Q15<0,"SUB-HORIZONTAL","MERGULHO")) -> SUB-VERTICAL | T15: =(G15-B15)/((G15*B15)^0.5) -> 0.052470926 | U15: =IF(T15>0.1,"SUB-VERTICAL",IF(T15<0,"SUB-HORIZONTAL","MERGULHO")) -> MERGULHO | V15: =(E15-C15)/((E15*C15)^0.5) -> 0.084343912 | W15: =(IF(V15>0.1,"SUB-VERTICAL",IF(V15<0,"SUB-HORIZONTAL","MERGULHO"))) -> MERGULHO | Y15: =(E15-D15)/((E15*D15)^0.5) -> -0.025503138 | Z15: =IF(Y15>0.1,"SUB-VERTICAL",IF(Y15<0,"SUB-HORIZONTAL","MERGULHO")) -> SUB-HORIZONTAL | AA15: =(E15-B15)/((E15*B15)^0.5) -> 0.051440846 | AB15: =IF(AA15>0.1,"SUB-VERTICAL",IF(AA15<0,"SUB-HORIZONTAL","MERGULHO")) -> MERGULHO | AD15: =(D15-C15)/((D15*C15)^0.5) -> 0.10987658 | AE15: =IF(AD15>0.1,"SUB-VERTICAL",IF(AD15<0,"SUB-HORIZONTAL","MERGULHO")) -> SUB-VERTICAL | AG15: =(C15-B15)/((C15*B15)^0.5) -> -0.032885237 | AH15: =IF(AG15>0.1,"SUB-VERTICAL",IF(AG15<0,"SUB-HORIZONTAL","MERGULHO")) -> SUB-HORIZONTAL | AJ15: =(B15-H15)/((B15*H15)^0.5) -> 0.262745 | AK15: =IF(AJ15>0.1,"SUB-VERTICAL",IF(AJ15<0,"SUB-HORIZONTAL","MERGULHO")) -> SUB-VERTICAL
A16: 5575.8207 | B16: 130.266 | C16: 134.4763 | D16: 154.4576 | E16: 151.4387 | F16: 144.6739 | G16: 148.7505 | H16: 98.3472 | J16: =(G16-H16)/((H16*G16)^0.5) -> 0.41672423 | K16: =IF(J16>0.1,"SUB-VERTICAL",IF(J16<0,"SUB-HORIZONTAL","MERGULHO")) -> SUB-VERTICAL | L16: =IF(K16="SUB-VERTICAL","1",IF(K16="SUB-HORIZONTAL","2","3")) -> 1 | M16: =(F16-B16)/((F16*B16)^0.5) -> 0.10495184 | N16: =IF(M16>0.1,"SUB-VERTICAL",IF(M16<0,"SUB-HORIZONTAL","MERGULHO")) -> SUB-VERTICAL | O16: 5575.8207 | Q16: =(F16-H16)/((F16*H16)^0.5) -> 0.38837858 | R16: =IF(Q16>0.1,"SUB-VERTICAL",IF(Q16<0,"SUB-HORIZONTAL","MERGULHO")) -> SUB-VERTICAL | T16: =(G16-B16)/((G16*B16)^0.5) -> 0.13278926 | U16: =IF(T16>0.1,"SUB-VERTICAL",IF(T16<0,"SUB-HORIZONTAL","MERGULHO")) -> SUB-VERTICAL | V16: =(E16-C16)/((E16*C16)^0.5) -> 0.11886281 | W16: =(IF(V16>0.1,"SUB-VERTICAL",IF(V16<0,"SUB-HORIZONTAL","MERGULHO"))) -> SUB-VERTICAL | Y16: =(E16-D16)/((E16*D16)^0.5) -> -0.019739023 | Z16: =IF(Y16>0.1,"SUB-VERTICAL",IF(Y16<0,"SUB-HORIZONTAL","MERGULHO")) -> SUB-HORIZONTAL | AA16: =(E16-B16)/((E16*B16)^0.5) -> 0.15074478 | AB16: =IF(AA16>0.1,"SUB-VERTICAL",IF(AA16<0,"SUB-HORIZONTAL","MERGULHO")) -> SUB-VERTICAL | AD16: =(D16-C16)/((D16*C16)^0.5) -> 0.13864245 | AE16: =IF(AD16>0.1,"SUB-VERTICAL",IF(AD16<0,"SUB-HORIZONTAL","MERGULHO")) -> SUB-VERTICAL | AG16: =(C16-B16)/((C16*B16)^0.5) -> 0.031810803 | AH16: =IF(AG16>0.1,"SUB-VERTICAL",IF(AG16<0,"SUB-HORIZONTAL","MERGULHO")) -> MERGULHO | AJ16: =(B16-H16)/((B16*H16)^0.5) -> 0.28200059 | AK16: =IF(AJ16>0.1,"SUB-VERTICAL",IF(AJ16<0,"SUB-HORIZONTAL","MERGULHO")) -> SUB-VERTICAL
A17: 5575.8969 | B17: 122.2248 | C17: 135.6659 | D17: 156.9107 | E17: 142.3192 | F17: 136.368 | G17: 141.0962 | H17: 93.9267 | J17: =(G17-H17)/((H17*G17)^0.5) -> 0.40974068 | K17: =IF(J17>0.1,"SUB-VERTICAL",IF(J17<0,"SUB-HORIZONTAL","MERGULHO")) -> SUB-VERTICAL | L17: =IF(K17="SUB-VERTICAL","1",IF(K17="SUB-HORIZONTAL","2","3")) -> 1 | M17: =(F17-B17)/((F17*B17)^0.5) -> 0.10954985 | N17: =IF(M17>0.1,"SUB-VERTICAL",IF(M17<0,"SUB-HORIZONTAL","MERGULHO")) -> SUB-VERTICAL | O17: 5575.8969 | Q17: =(F17-H17)/((F17*H17)^0.5) -> 0.37500574 | R17: =IF(Q17>0.1,"SUB-VERTICAL",IF(Q17<0,"SUB-HORIZONTAL","MERGULHO")) -> SUB-VERTICAL | T17: =(G17-B17)/((G17*B17)^0.5) -> 0.14370332 | U17: =IF(T17>0.1,"SUB-VERTICAL",IF(T17<0,"SUB-HORIZONTAL","MERGULHO")) -> SUB-VERTICAL | V17: =(E17-C17)/((E17*C17)^0.5) -> 0.047881749 | W17: =(IF(V17>0.1,"SUB-VERTICAL",IF(V17<0,"SUB-HORIZONTAL","MERGULHO"))) -> MERGULHO | Y17: =(E17-D17)/((E17*D17)^0.5) -> -0.097643179 | Z17: =IF(Y17>0.1,"SUB-VERTICAL",IF(Y17<0,"SUB-HORIZONTAL","MERGULHO")) -> SUB-HORIZONTAL | AA17: =(E17-B17)/((E17*B17)^0.5) -> 0.15235743 | AB17: =IF(AA17>0.1,"SUB-VERTICAL",IF(AA17<0,"SUB-HORIZONTAL","MERGULHO")) -> SUB-VERTICAL | AD17: =(D17-C17)/((D17*C17)^0.5) -> 0.14560994 | AE17: =IF(AD17>0.1,"SUB-VERTICAL",IF(AD17<0,"SUB-HORIZONTAL","MERGULHO")) -> SUB-VERTICAL | AG17: =(C17-B17)/((C17*B17)^0.5) -> 0.1043806 | AH17: =IF(AG17>0.1,"SUB-VERTICAL",IF(AG17<0,"SUB-HORIZONTAL","MERGULHO")) -> SUB-VERTICAL | AJ17: =(B17-H17)/((B17*H17)^0.5) -> 0.26410892 | AK17: =IF(AJ17>0.1,"SUB-VERTICAL",IF(AJ17<0,"SUB-HORIZONTAL","MERGULHO")) -> SUB-VERTICAL
